Crop,Area 2006-07_x,Area 2007-08_x,Area 2008-09_x,Area 2009-10_x,Area 2010-11_x,Yield 2006-07_x,Yield 2007-08_x,Yield 2008-09_x,Yield 2009-10_x,Yield 2010-11_x,Production,Year,Production 2006-07_x,Production 2007-08_x,Production 2008-09_x,Production 2009-10_x,Production 2010-11_x,Yield 2006-07_y,Yield 2007-08_y,Yield 2008-09_y,Yield 2009-10_y,Yield 2010-11_y,Area,Production 2006-07_y,Production 2007-08_y,Production 2008-09_y,Production 2009-10_y,Production 2010-11_y,Area 2006-07_y,Area 2007-08_y,Area 2008-09_y,Area 2009-10_y,Area 2010-11_y,Yield,State,Cost of Cultivation (`/Hectare) A2+FL,Cost of Cultivation (`/Hectare) C2,Cost of Production (`/Quintal) C2,Yield (Quintal/ Hectare),Variety,Season/ duration in days,Recommended Zone,Unnamed: 4,IndexVal,TimeseriesValue
Arecanut,167.7,169.5,169.7,175.4,175.4,108.8,108.7,109.3,105.1,105.1,182.5,2007,182.5,184.3,185.5,184.3,184.3,108.8,108.7,109.3,105.1,105.1,167.7,182.5,184.3,185.5,184.3,184.3,167.7,169.5,169.7,175.4,175.4,108.8,,,,,,,,,,,
Arecanut,167.7,169.5,169.7,175.4,175.4,108.8,108.7,109.3,105.1,105.1,184.3,2008,182.5,184.3,185.5,184.3,184.3,108.8,108.7,109.3,105.1,105.1,169.5,182.5,184.3,185.5,184.3,184.3,167.7,169.5,169.7,175.4,175.4,108.7,,,,,,,,,,,
Arecanut,167.7,169.5,169.7,175.4,175.4,108.8,108.7,109.3,105.1,105.1,185.5,2009,182.5,184.3,185.5,184.3,184.3,108.8,108.7,109.3,105.1,105.1,169.7,182.5,184.3,185.5,184.3,184.3,167.7,169.5,169.7,175.4,175.4,109.3,,,,,,,,,,,
Arecanut,167.7,169.5,169.7,175.4,175.4,108.8,108.7,109.3,105.1,105.1,184.3,2010,182.5,184.3,185.5,184.3,184.3,108.8,108.7,109.3,105.1,105.1,175.4,182.5,184.3,185.5,184.3,184.3,167.7,169.5,169.7,175.4,175.4,105.1,,,,,,,,,,,
Arecanut,167.7,169.5,169.7,175.4,175.4,108.8,108.7,109.3,105.1,105.1,184.3,2011,182.5,184.3,185.5,184.3,184.3,108.8,108.7,109.3,105.1,105.1,175.4,182.5,184.3,185.5,184.3,184.3,167.7,169.5,169.7,175.4,175.4,105.1,,,,,,,,,,,
Arhar,99.7,104.3,94.5,97.0,122.2,97.3,123.6,100.4,106.5,98.09999999999999,97.0,2007,97.0,128.9,94.9,103.3,119.9,97.3,123.6,100.4,106.5,98.09999999999999,99.7,97.0,128.9,94.9,103.3,119.9,99.7,104.3,94.5,97.0,122.2,97.3,,,,,,,,,,,
Arhar,99.7,104.3,94.5,97.0,122.2,97.3,123.6,100.4,106.5,98.09999999999999,128.9,2008,97.0,128.9,94.9,103.3,119.9,97.3,123.6,100.4,106.5,98.09999999999999,104.3,97.0,128.9,94.9,103.3,119.9,99.7,104.3,94.5,97.0,122.2,123.6,,,,,,,,,,,
Arhar,99.7,104.3,94.5,97.0,122.2,97.3,123.6,100.4,106.5,98.09999999999999,94.9,2009,97.0,128.9,94.9,103.3,119.9,97.3,123.6,100.4,106.5,98.09999999999999,94.5,97.0,128.9,94.9,103.3,119.9,99.7,104.3,94.5,97.0,122.2,100.4,,,,,,,,,,,
Arhar,99.7,104.3,94.5,97.0,122.2,97.3,123.6,100.4,106.5,98.09999999999999,103.3,2010,97.0,128.9,94.9,103.3,119.9,97.3,123.6,100.4,106.5,98.09999999999999,97.0,97.0,128.9,94.9,103.3,119.9,99.7,104.3,94.5,97.0,122.2,106.5,,,,,,,,,,,
Arhar,99.7,104.3,94.5,97.0,122.2,97.3,123.6,100.4,106.5,98.09999999999999,119.9,2011,97.0,128.9,94.9,103.3,119.9,97.3,123.6,100.4,106.5,98.09999999999999,122.2,97.0,128.9,94.9,103.3,119.9,99.7,104.3,94.5,97.0,122.2,98.1,,,,,,,,,,,
Bajra,94.5,95.1,87.0,88.5,95.6,144.3,169.7,165.4,119.0,175.8,136.4,2007,136.4,161.5,143.9,105.4,167.9,144.3,169.7,165.4,119.0,175.8,94.5,136.4,161.5,143.9,105.4,167.9,94.5,95.1,87.0,88.5,95.6,144.3,,,,,,,,,,,8.4237
Bajra,94.5,95.1,87.0,88.5,95.6,144.3,169.7,165.4,119.0,175.8,161.5,2008,136.4,161.5,143.9,105.4,167.9,144.3,169.7,165.4,119.0,175.8,95.1,136.4,161.5,143.9,105.4,167.9,94.5,95.1,87.0,88.5,95.6,169.7,,,,,,,,,,,9.9701
Bajra,94.5,95.1,87.0,88.5,95.6,144.3,169.7,165.4,119.0,175.8,143.9,2009,136.4,161.5,143.9,105.4,167.9,144.3,169.7,165.4,119.0,175.8,87.0,136.4,161.5,143.9,105.4,167.9,94.5,95.1,87.0,88.5,95.6,165.4,,,,,,,,,,,8.8871
Bajra,94.5,95.1,87.0,88.5,95.6,144.3,169.7,165.4,119.0,175.8,105.4,2010,136.4,161.5,143.9,105.4,167.9,144.3,169.7,165.4,119.0,175.8,88.5,136.4,161.5,143.9,105.4,167.9,94.5,95.1,87.0,88.5,95.6,119.0,,,,,,,,,,,6.506412
Bajra,94.5,95.1,87.0,88.5,95.6,144.3,169.7,165.4,119.0,175.8,167.9,2011,136.4,161.5,143.9,105.4,167.9,144.3,169.7,165.4,119.0,175.8,95.6,136.4,161.5,143.9,105.4,167.9,94.5,95.1,87.0,88.5,95.6,175.8,,,,,,,,,,,10.3699094
Banana,117.6,131.2,174.8,189.8,204.6,161.0,153.3,171.0,159.0,165.9,189.3,2007,189.3,201.1,298.8,301.7,339.4,161.0,153.3,171.0,159.0,165.9,117.6,189.3,201.1,298.8,301.7,339.4,117.6,131.2,174.8,189.8,204.6,161.0,,,,,,,,,,,
Banana,117.6,131.2,174.8,189.8,204.6,161.0,153.3,171.0,159.0,165.9,201.1,2008,189.3,201.1,298.8,301.7,339.4,161.0,153.3,171.0,159.0,165.9,131.2,189.3,201.1,298.8,301.7,339.4,117.6,131.2,174.8,189.8,204.6,153.3,,,,,,,,,,,
Banana,117.6,131.2,174.8,189.8,204.6,161.0,153.3,171.0,159.0,165.9,298.8,2009,189.3,201.1,298.8,301.7,339.4,161.0,153.3,171.0,159.0,165.9,174.8,189.3,201.1,298.8,301.7,339.4,117.6,131.2,174.8,189.8,204.6,171.0,,,,,,,,,,,
Banana,117.6,131.2,174.8,189.8,204.6,161.0,153.3,171.0,159.0,165.9,301.7,2010,189.3,201.1,298.8,301.7,339.4,161.0,153.3,171.0,159.0,165.9,189.8,189.3,201.1,298.8,301.7,339.4,117.6,131.2,174.8,189.8,204.6,159.0,,,,,,,,,,,
Banana,117.6,131.2,174.8,189.8,204.6,161.0,153.3,171.0,159.0,165.9,339.4,2011,189.3,201.1,298.8,301.7,339.4,161.0,153.3,171.0,159.0,165.9,204.6,189.3,201.1,298.8,301.7,339.4,117.6,131.2,174.8,189.8,204.6,165.9,,,,,,,,,,,
Barley,72.8,67.9,79.5,70.2,79.4,121.0,116.9,141.0,127.9,138.9,88.1,2007,88.1,79.3,112.0,89.9,110.3,121.0,116.9,141.0,127.9,138.9,72.8,88.1,79.3,112.0,89.9,110.3,72.8,67.9,79.5,70.2,79.4,121.0,,,,,,BH-902,130,"Punjab, Haryana, Western Uttar Pradesh (Excluding Jhansi Division), Delhi, Rajasthan (Excluding Kota & Udaipur Divisions), Tarai Regions of Uttarakhand & Jammu and Kathua District of J & K under timely sown irrigated conditions.",nan,,1.3279
Barley,72.8,67.9,79.5,70.2,79.4,121.0,116.9,141.0,127.9,138.9,79.3,2008,88.1,79.3,112.0,89.9,110.3,121.0,116.9,141.0,127.9,138.9,67.9,88.1,79.3,112.0,89.9,110.3,72.8,67.9,79.5,70.2,79.4,116.9,,,,,,BH-902,130,"Punjab, Haryana, Western Uttar Pradesh (Excluding Jhansi Division), Delhi, Rajasthan (Excluding Kota & Udaipur Divisions), Tarai Regions of Uttarakhand & Jammu and Kathua District of J & K under timely sown irrigated conditions.",nan,,1.1961
Barley,72.8,67.9,79.5,70.2,79.4,121.0,116.9,141.0,127.9,138.9,112.0,2009,88.1,79.3,112.0,89.9,110.3,121.0,116.9,141.0,127.9,138.9,79.5,88.1,79.3,112.0,89.9,110.3,72.8,67.9,79.5,70.2,79.4,141.0,,,,,,BH-902,130,"Punjab, Haryana, Western Uttar Pradesh (Excluding Jhansi Division), Delhi, Rajasthan (Excluding Kota & Udaipur Divisions), Tarai Regions of Uttarakhand & Jammu and Kathua District of J & K under timely sown irrigated conditions.",nan,,1.6891
Barley,72.8,67.9,79.5,70.2,79.4,121.0,116.9,141.0,127.9,138.9,89.9,2010,88.1,79.3,112.0,89.9,110.3,121.0,116.9,141.0,127.9,138.9,70.2,88.1,79.3,112.0,89.9,110.3,72.8,67.9,79.5,70.2,79.4,127.9,,,,,,BH-902,130,"Punjab, Haryana, Western Uttar Pradesh (Excluding Jhansi Division), Delhi, Rajasthan (Excluding Kota & Udaipur Divisions), Tarai Regions of Uttarakhand & Jammu and Kathua District of J & K under timely sown irrigated conditions.",nan,,1.354658
Barley,72.8,67.9,79.5,70.2,79.4,121.0,116.9,141.0,127.9,138.9,110.3,2011,88.1,79.3,112.0,89.9,110.3,121.0,116.9,141.0,127.9,138.9,79.4,88.1,79.3,112.0,89.9,110.3,72.8,67.9,79.5,70.2,79.4,138.9,,,,,,BH-902,130,"Punjab, Haryana, Western Uttar Pradesh (Excluding Jhansi Division), Delhi, Rajasthan (Excluding Kota & Udaipur Divisions), Tarai Regions of Uttarakhand & Jammu and Kathua District of J & K under timely sown irrigated conditions.",nan,,1.662865
Black pepper,130.8,104.7,126.9,104.2,97.8,102.6,87.4,72.7,95.2,103.4,134.2,2007,134.2,91.5,92.2,99.2,101.1,102.6,87.4,72.7,95.2,103.4,130.8,134.2,91.5,92.2,99.2,101.1,130.8,104.7,126.9,104.2,97.8,102.6,,,,,,,,,,,
Black pepper,130.8,104.7,126.9,104.2,97.8,102.6,87.4,72.7,95.2,103.4,91.5,2008,134.2,91.5,92.2,99.2,101.1,102.6,87.4,72.7,95.2,103.4,104.7,134.2,91.5,92.2,99.2,101.1,130.8,104.7,126.9,104.2,97.8,87.4,,,,,,,,,,,
Black pepper,130.8,104.7,126.9,104.2,97.8,102.6,87.4,72.7,95.2,103.4,92.2,2009,134.2,91.5,92.2,99.2,101.1,102.6,87.4,72.7,95.2,103.4,126.9,134.2,91.5,92.2,99.2,101.1,130.8,104.7,126.9,104.2,97.8,72.7,,,,,,,,,,,
Black pepper,130.8,104.7,126.9,104.2,97.8,102.6,87.4,72.7,95.2,103.4,99.2,2010,134.2,91.5,92.2,99.2,101.1,102.6,87.4,72.7,95.2,103.4,104.2,134.2,91.5,92.2,99.2,101.1,130.8,104.7,126.9,104.2,97.8,95.2,,,,,,,,,,,
Black pepper,130.8,104.7,126.9,104.2,97.8,102.6,87.4,72.7,95.2,103.4,101.1,2011,134.2,91.5,92.2,99.2,101.1,102.6,87.4,72.7,95.2,103.4,97.8,134.2,91.5,92.2,99.2,101.1,130.8,104.7,126.9,104.2,97.8,103.4,,,,,,,,,,,
Cardamom,93.4,77.8,87.5,85.8,82.7,170.5,174.7,179.6,185.6,196.1,159.2,2007,159.2,135.8,157.1,159.2,162.2,170.5,174.7,179.6,185.6,196.1,93.4,159.2,135.8,157.1,159.2,162.2,93.4,77.8,87.5,85.8,82.7,170.5,,,,,,,,,,,
Cardamom,93.4,77.8,87.5,85.8,82.7,170.5,174.7,179.6,185.6,196.1,135.8,2008,159.2,135.8,157.1,159.2,162.2,170.5,174.7,179.6,185.6,196.1,77.8,159.2,135.8,157.1,159.2,162.2,93.4,77.8,87.5,85.8,82.7,174.7,,,,,,,,,,,
Cardamom,93.4,77.8,87.5,85.8,82.7,170.5,174.7,179.6,185.6,196.1,157.1,2009,159.2,135.8,157.1,159.2,162.2,170.5,174.7,179.6,185.6,196.1,87.5,159.2,135.8,157.1,159.2,162.2,93.4,77.8,87.5,85.8,82.7,179.6,,,,,,,,,,,
Cardamom,93.4,77.8,87.5,85.8,82.7,170.5,174.7,179.6,185.6,196.1,159.2,2010,159.2,135.8,157.1,159.2,162.2,170.5,174.7,179.6,185.6,196.1,85.8,159.2,135.8,157.1,159.2,162.2,93.4,77.8,87.5,85.8,82.7,185.6,,,,,,,,,,,
Cardamom,93.4,77.8,87.5,85.8,82.7,170.5,174.7,179.6,185.6,196.1,162.2,2011,159.2,135.8,157.1,159.2,162.2,170.5,174.7,179.6,185.6,196.1,82.7,159.2,135.8,157.1,159.2,162.2,93.4,77.8,87.5,85.8,82.7,196.1,,,,,,,,,,,
Castor seed,91.7,114.8,126.4,107.2,128.5,136.0,150.1,151.5,153.9,171.9,124.7,2007,124.7,172.3,191.6,165.0,220.9,136.0,150.1,151.5,153.9,171.9,91.7,124.7,172.3,191.6,165.0,220.9,91.7,114.8,126.4,107.2,128.5,136.0,,,,,,,,,,,
Castor seed,91.7,114.8,126.4,107.2,128.5,136.0,150.1,151.5,153.9,171.9,172.3,2008,124.7,172.3,191.6,165.0,220.9,136.0,150.1,151.5,153.9,171.9,114.8,124.7,172.3,191.6,165.0,220.9,91.7,114.8,126.4,107.2,128.5,150.1,,,,,,,,,,,
Castor seed,91.7,114.8,126.4,107.2,128.5,136.0,150.1,151.5,153.9,171.9,191.6,2009,124.7,172.3,191.6,165.0,220.9,136.0,150.1,151.5,153.9,171.9,126.4,124.7,172.3,191.6,165.0,220.9,91.7,114.8,126.4,107.2,128.5,151.5,,,,,,,,,,,
Castor seed,91.7,114.8,126.4,107.2,128.5,136.0,150.1,151.5,153.9,171.9,165.0,2010,124.7,172.3,191.6,165.0,220.9,136.0,150.1,151.5,153.9,171.9,107.2,124.7,172.3,191.6,165.0,220.9,91.7,114.8,126.4,107.2,128.5,153.9,,,,,,,,,,,
Castor seed,91.7,114.8,126.4,107.2,128.5,136.0,150.1,151.5,153.9,171.9,220.9,2011,124.7,172.3,191.6,165.0,220.9,136.0,150.1,151.5,153.9,171.9,128.5,124.7,172.3,191.6,165.0,220.9,91.7,114.8,126.4,107.2,128.5,171.9,,,,,,,,,,,
Cereals,130.0,129.9,130.3,126.8,129.8,126.3,134.4,136.4,129.7,141.1,164.1,2007,164.1,174.6,177.7,164.4,183.1,126.3,134.4,136.4,129.7,141.1,130.0,164.1,174.6,177.7,164.4,183.1,130.0,129.9,130.3,126.8,129.8,126.3,,,,,,,,,,,33.9226
Cereals,130.0,129.9,130.3,126.8,129.8,126.3,134.4,136.4,129.7,141.1,174.6,2008,164.1,174.6,177.7,164.4,183.1,126.3,134.4,136.4,129.7,141.1,129.9,164.1,174.6,177.7,164.4,183.1,130.0,129.9,130.3,126.8,129.8,134.4,,,,,,,,,,,40.7504
Cereals,130.0,129.9,130.3,126.8,129.8,126.3,134.4,136.4,129.7,141.1,177.7,2009,164.1,174.6,177.7,164.4,183.1,126.3,134.4,136.4,129.7,141.1,130.3,164.1,174.6,177.7,164.4,183.1,130.0,129.9,130.3,126.8,129.8,136.4,,,,,,,,,,,40.0379
Cereals,130.0,129.9,130.3,126.8,129.8,126.3,134.4,136.4,129.7,141.1,164.4,2010,164.1,174.6,177.7,164.4,183.1,126.3,134.4,136.4,129.7,141.1,126.8,164.1,174.6,177.7,164.4,183.1,130.0,129.9,130.3,126.8,129.8,129.7,,,,,,,,,,,33.549124
Cereals,130.0,129.9,130.3,126.8,129.8,126.3,134.4,136.4,129.7,141.1,183.1,2011,164.1,174.6,177.7,164.4,183.1,126.3,134.4,136.4,129.7,141.1,129.8,164.1,174.6,177.7,164.4,183.1,130.0,129.9,130.3,126.8,129.8,141.1,,,,,,,,,,,43.3970914
Coarse Cereals,106.4,105.6,101.8,102.6,105.4,130.1,157.6,160.7,133.5,169.2,138.5,2007,138.5,166.4,163.5,137.0,178.4,130.1,157.6,160.7,133.5,169.2,106.4,138.5,166.4,163.5,137.0,178.4,106.4,105.6,101.8,102.6,105.4,130.1,,,,,,,,,,110.0,33.9226
Coarse Cereals,106.4,105.6,101.8,102.6,105.4,130.1,157.6,160.7,133.5,169.2,166.4,2008,138.5,166.4,163.5,137.0,178.4,130.1,157.6,160.7,133.5,169.2,105.6,138.5,166.4,163.5,137.0,178.4,106.4,105.6,101.8,102.6,105.4,157.6,,,,,,,,,,115.0,40.7504
Coarse Cereals,106.4,105.6,101.8,102.6,105.4,130.1,157.6,160.7,133.5,169.2,163.5,2009,138.5,166.4,163.5,137.0,178.4,130.1,157.6,160.7,133.5,169.2,101.8,138.5,166.4,163.5,137.0,178.4,106.4,105.6,101.8,102.6,105.4,160.7,,,,,,,,,,113.0,40.0379
Coarse Cereals,106.4,105.6,101.8,102.6,105.4,130.1,157.6,160.7,133.5,169.2,137.0,2010,138.5,166.4,163.5,137.0,178.4,130.1,157.6,160.7,133.5,169.2,102.6,138.5,166.4,163.5,137.0,178.4,106.4,105.6,101.8,102.6,105.4,133.5,,,,,,,,,,123.0,33.549124
Coarse Cereals,106.4,105.6,101.8,102.6,105.4,130.1,157.6,160.7,133.5,169.2,178.4,2011,138.5,166.4,163.5,137.0,178.4,130.1,157.6,160.7,133.5,169.2,105.4,138.5,166.4,163.5,137.0,178.4,106.4,105.6,101.8,102.6,105.4,169.2,,,,,,,,,,122.0,43.3970914
Coconut,123.5,121.4,121.4,120.9,120.9,115.5,75.3,75.3,80.7,80.8,142.7,2007,142.7,91.4,91.4,97.5,97.7,115.5,75.3,75.3,80.7,80.8,123.5,142.7,91.4,91.4,97.5,97.7,123.5,121.4,121.4,120.9,120.9,115.5,,,,,,,,,,,
Coconut,123.5,121.4,121.4,120.9,120.9,115.5,75.3,75.3,80.7,80.8,91.4,2008,142.7,91.4,91.4,97.5,97.7,115.5,75.3,75.3,80.7,80.8,121.4,142.7,91.4,91.4,97.5,97.7,123.5,121.4,121.4,120.9,120.9,75.3,,,,,,,,,,,
Coconut,123.5,121.4,121.4,120.9,120.9,115.5,75.3,75.3,80.7,80.8,91.4,2009,142.7,91.4,91.4,97.5,97.7,115.5,75.3,75.3,80.7,80.8,121.4,142.7,91.4,91.4,97.5,97.7,123.5,121.4,121.4,120.9,120.9,75.3,,,,,,,,,,,
Coconut,123.5,121.4,121.4,120.9,120.9,115.5,75.3,75.3,80.7,80.8,97.5,2010,142.7,91.4,91.4,97.5,97.7,115.5,75.3,75.3,80.7,80.8,120.9,142.7,91.4,91.4,97.5,97.7,123.5,121.4,121.4,120.9,120.9,80.7,,,,,,,,,,,
Coconut,123.5,121.4,121.4,120.9,120.9,115.5,75.3,75.3,80.7,80.8,97.7,2011,142.7,91.4,91.4,97.5,97.7,115.5,75.3,75.3,80.7,80.8,120.9,142.7,91.4,91.4,97.5,97.7,123.5,121.4,121.4,120.9,120.9,80.8,,,,,,,,,,,
Coffee,117.9,119.8,121.9,123.7,125.4,117.0,116.7,114.8,125.0,128.5,138.0,2007,138.0,139.8,139.9,154.5,161.1,117.0,116.7,114.8,125.0,128.5,117.9,138.0,139.8,139.9,154.5,161.1,117.9,119.8,121.9,123.7,125.4,117.0,,,,,,,,,,,
Coffee,117.9,119.8,121.9,123.7,125.4,117.0,116.7,114.8,125.0,128.5,139.8,2008,138.0,139.8,139.9,154.5,161.1,117.0,116.7,114.8,125.0,128.5,119.8,138.0,139.8,139.9,154.5,161.1,117.9,119.8,121.9,123.7,125.4,116.7,,,,,,,,,,,
Coffee,117.9,119.8,121.9,123.7,125.4,117.0,116.7,114.8,125.0,128.5,139.9,2009,138.0,139.8,139.9,154.5,161.1,117.0,116.7,114.8,125.0,128.5,121.9,138.0,139.8,139.9,154.5,161.1,117.9,119.8,121.9,123.7,125.4,114.8,,,,,,,,,,,
Coffee,117.9,119.8,121.9,123.7,125.4,117.0,116.7,114.8,125.0,128.5,154.5,2010,138.0,139.8,139.9,154.5,161.1,117.0,116.7,114.8,125.0,128.5,123.7,138.0,139.8,139.9,154.5,161.1,117.9,119.8,121.9,123.7,125.4,125.0,,,,,,,,,,,
Coffee,117.9,119.8,121.9,123.7,125.4,117.0,116.7,114.8,125.0,128.5,161.1,2011,138.0,139.8,139.9,154.5,161.1,117.0,116.7,114.8,125.0,128.5,125.4,138.0,139.8,139.9,154.5,161.1,117.9,119.8,121.9,123.7,125.4,128.5,,,,,,,,,,,
Coriander,79.1,94.8,97.9,88.8,130.7,159.8,177.2,134.1,144.7,199.9,126.4,2007,126.4,167.9,131.3,128.5,261.3,159.8,177.2,134.1,144.7,199.9,79.1,126.4,167.9,131.3,128.5,261.3,79.1,94.8,97.9,88.8,130.7,159.8,,,,,,,,,,,
Coriander,79.1,94.8,97.9,88.8,130.7,159.8,177.2,134.1,144.7,199.9,167.9,2008,126.4,167.9,131.3,128.5,261.3,159.8,177.2,134.1,144.7,199.9,94.8,126.4,167.9,131.3,128.5,261.3,79.1,94.8,97.9,88.8,130.7,177.2,,,,,,,,,,,
Coriander,79.1,94.8,97.9,88.8,130.7,159.8,177.2,134.1,144.7,199.9,131.3,2009,126.4,167.9,131.3,128.5,261.3,159.8,177.2,134.1,144.7,199.9,97.9,126.4,167.9,131.3,128.5,261.3,79.1,94.8,97.9,88.8,130.7,134.1,,,,,,,,,,,
Coriander,79.1,94.8,97.9,88.8,130.7,159.8,177.2,134.1,144.7,199.9,128.5,2010,126.4,167.9,131.3,128.5,261.3,159.8,177.2,134.1,144.7,199.9,88.8,126.4,167.9,131.3,128.5,261.3,79.1,94.8,97.9,88.8,130.7,144.7,,,,,,,,,,,
Coriander,79.1,94.8,97.9,88.8,130.7,159.8,177.2,134.1,144.7,199.9,261.3,2011,126.4,167.9,131.3,128.5,261.3,159.8,177.2,134.1,144.7,199.9,130.7,126.4,167.9,131.3,128.5,261.3,79.1,94.8,97.9,88.8,130.7,199.9,,,,,,,,,,,
Cotton seed,121.7,125.3,125.2,134.8,149.5,152.9,169.9,146.3,146.5,181.5,186.1,2007,186.1,212.8,183.2,197.5,271.3,152.9,169.9,146.3,146.5,181.5,121.7,186.1,212.8,183.2,197.5,271.3,121.7,125.3,125.2,134.8,149.5,152.9,,,,,,,,,,,
Cotton seed,121.7,125.3,125.2,134.8,149.5,152.9,169.9,146.3,146.5,181.5,212.8,2008,186.1,212.8,183.2,197.5,271.3,152.9,169.9,146.3,146.5,181.5,125.3,186.1,212.8,183.2,197.5,271.3,121.7,125.3,125.2,134.8,149.5,169.9,,,,,,,,,,,
Cotton seed,121.7,125.3,125.2,134.8,149.5,152.9,169.9,146.3,146.5,181.5,183.2,2009,186.1,212.8,183.2,197.5,271.3,152.9,169.9,146.3,146.5,181.5,125.2,186.1,212.8,183.2,197.5,271.3,121.7,125.3,125.2,134.8,149.5,146.3,,,,,,,,,,,
Cotton seed,121.7,125.3,125.2,134.8,149.5,152.9,169.9,146.3,146.5,181.5,197.5,2010,186.1,212.8,183.2,197.5,271.3,152.9,169.9,146.3,146.5,181.5,134.8,186.1,212.8,183.2,197.5,271.3,121.7,125.3,125.2,134.8,149.5,146.5,,,,,,,,,,,
Cotton seed,121.7,125.3,125.2,134.8,149.5,152.9,169.9,146.3,146.5,181.5,271.3,2011,186.1,212.8,183.2,197.5,271.3,152.9,169.9,146.3,146.5,181.5,149.5,186.1,212.8,183.2,197.5,271.3,121.7,125.3,125.2,134.8,149.5,181.5,,,,,,,,,,,
Cotton(lint),121.7,125.3,125.2,134.8,149.5,175.2,194.6,167.6,167.8,207.9,213.1,2007,213.1,243.8,209.8,226.2,310.8,175.2,194.6,167.6,167.8,207.9,121.7,213.1,243.8,209.8,226.2,310.8,121.7,125.3,125.2,134.8,149.5,175.2,,,,,,,,,,,
Cotton(lint),121.7,125.3,125.2,134.8,149.5,175.2,194.6,167.6,167.8,207.9,243.8,2008,213.1,243.8,209.8,226.2,310.8,175.2,194.6,167.6,167.8,207.9,125.3,213.1,243.8,209.8,226.2,310.8,121.7,125.3,125.2,134.8,149.5,194.6,,,,,,,,,,,
Cotton(lint),121.7,125.3,125.2,134.8,149.5,175.2,194.6,167.6,167.8,207.9,209.8,2009,213.1,243.8,209.8,226.2,310.8,175.2,194.6,167.6,167.8,207.9,125.2,213.1,243.8,209.8,226.2,310.8,121.7,125.3,125.2,134.8,149.5,167.6,,,,,,,,,,,
Cotton(lint),121.7,125.3,125.2,134.8,149.5,175.2,194.6,167.6,167.8,207.9,226.2,2010,213.1,243.8,209.8,226.2,310.8,175.2,194.6,167.6,167.8,207.9,134.8,213.1,243.8,209.8,226.2,310.8,121.7,125.3,125.2,134.8,149.5,167.8,,,,,,,,,,,
Cotton(lint),121.7,125.3,125.2,134.8,149.5,175.2,194.6,167.6,167.8,207.9,310.8,2011,213.1,243.8,209.8,226.2,310.8,175.2,194.6,167.6,167.8,207.9,149.5,213.1,243.8,209.8,226.2,310.8,121.7,125.3,125.2,134.8,149.5,207.9,,,,,,,,,,,
Dry chilies,83.6,88.3,85.4,84.0,86.8,195.5,193.4,195.8,188.4,185.5,163.5,2007,163.5,170.8,167.1,158.3,160.9,195.5,193.4,195.8,188.4,185.5,83.6,163.5,170.8,167.1,158.3,160.9,83.6,88.3,85.4,84.0,86.8,195.5,,,,,,,,,,,
Dry chilies,83.6,88.3,85.4,84.0,86.8,195.5,193.4,195.8,188.4,185.5,170.8,2008,163.5,170.8,167.1,158.3,160.9,195.5,193.4,195.8,188.4,185.5,88.3,163.5,170.8,167.1,158.3,160.9,83.6,88.3,85.4,84.0,86.8,193.4,,,,,,,,,,,
Dry chilies,83.6,88.3,85.4,84.0,86.8,195.5,193.4,195.8,188.4,185.5,167.1,2009,163.5,170.8,167.1,158.3,160.9,195.5,193.4,195.8,188.4,185.5,85.4,163.5,170.8,167.1,158.3,160.9,83.6,88.3,85.4,84.0,86.8,195.8,,,,,,,,,,,
Dry chilies,83.6,88.3,85.4,84.0,86.8,195.5,193.4,195.8,188.4,185.5,158.3,2010,163.5,170.8,167.1,158.3,160.9,195.5,193.4,195.8,188.4,185.5,84.0,163.5,170.8,167.1,158.3,160.9,83.6,88.3,85.4,84.0,86.8,188.4,,,,,,,,,,,
Dry chilies,83.6,88.3,85.4,84.0,86.8,195.5,193.4,195.8,188.4,185.5,160.9,2011,163.5,170.8,167.1,158.3,160.9,195.5,193.4,195.8,188.4,185.5,86.8,163.5,170.8,167.1,158.3,160.9,83.6,88.3,85.4,84.0,86.8,185.5,,,,,,,,,,,
Dry ginger,176.2,172.9,180.4,179.4,247.4,117.1,116.0,110.5,112.6,148.8,206.3,2007,206.3,200.6,199.3,202.0,368.1,117.1,116.0,110.5,112.6,148.8,176.2,206.3,200.6,199.3,202.0,368.1,176.2,172.9,180.4,179.4,247.4,117.1,,,,,,,,,,,
Dry ginger,176.2,172.9,180.4,179.4,247.4,117.1,116.0,110.5,112.6,148.8,200.6,2008,206.3,200.6,199.3,202.0,368.1,117.1,116.0,110.5,112.6,148.8,172.9,206.3,200.6,199.3,202.0,368.1,176.2,172.9,180.4,179.4,247.4,116.0,,,,,,,,,,,
Dry ginger,176.2,172.9,180.4,179.4,247.4,117.1,116.0,110.5,112.6,148.8,199.3,2009,206.3,200.6,199.3,202.0,368.1,117.1,116.0,110.5,112.6,148.8,180.4,206.3,200.6,199.3,202.0,368.1,176.2,172.9,180.4,179.4,247.4,110.5,,,,,,,,,,,
Dry ginger,176.2,172.9,180.4,179.4,247.4,117.1,116.0,110.5,112.6,148.8,202.0,2010,206.3,200.6,199.3,202.0,368.1,117.1,116.0,110.5,112.6,148.8,179.4,206.3,200.6,199.3,202.0,368.1,176.2,172.9,180.4,179.4,247.4,112.6,,,,,,,,,,,
Dry ginger,176.2,172.9,180.4,179.4,247.4,117.1,116.0,110.5,112.6,148.8,368.1,2011,206.3,200.6,199.3,202.0,368.1,117.1,116.0,110.5,112.6,148.8,247.4,206.3,200.6,199.3,202.0,368.1,176.2,172.9,180.4,179.4,247.4,148.8,,,,,,,,,,,
Garlic,187.6,241.6,195.8,194.4,236.8,120.6,128.8,123.6,125.0,130.1,226.2,2007,226.2,311.3,242.1,243.0,308.2,120.6,128.8,123.6,125.0,130.1,187.6,226.2,311.3,242.1,243.0,308.2,187.6,241.6,195.8,194.4,236.8,120.6,,,,,,,,,,,
Garlic,187.6,241.6,195.8,194.4,236.8,120.6,128.8,123.6,125.0,130.1,311.3,2008,226.2,311.3,242.1,243.0,308.2,120.6,128.8,123.6,125.0,130.1,241.6,226.2,311.3,242.1,243.0,308.2,187.6,241.6,195.8,194.4,236.8,128.8,,,,,,,,,,,
Garlic,187.6,241.6,195.8,194.4,236.8,120.6,128.8,123.6,125.0,130.1,242.1,2009,226.2,311.3,242.1,243.0,308.2,120.6,128.8,123.6,125.0,130.1,195.8,226.2,311.3,242.1,243.0,308.2,187.6,241.6,195.8,194.4,236.8,123.6,,,,,,,,,,,
Garlic,187.6,241.6,195.8,194.4,236.8,120.6,128.8,123.6,125.0,130.1,243.0,2010,226.2,311.3,242.1,243.0,308.2,120.6,128.8,123.6,125.0,130.1,194.4,226.2,311.3,242.1,243.0,308.2,187.6,241.6,195.8,194.4,236.8,125.0,,,,,,,,,,,
Garlic,187.6,241.6,195.8,194.4,236.8,120.6,128.8,123.6,125.0,130.1,308.2,2011,226.2,311.3,242.1,243.0,308.2,120.6,128.8,123.6,125.0,130.1,236.8,226.2,311.3,242.1,243.0,308.2,187.6,241.6,195.8,194.4,236.8,130.1,,,,,,,,,,,
Gram,122.3,123.1,128.8,133.3,149.9,115.0,103.7,121.7,124.5,121.7,140.6,2007,140.6,127.6,156.5,165.9,182.5,115.0,103.7,121.7,124.5,121.7,122.3,140.6,127.6,156.5,165.9,182.5,122.3,123.1,128.8,133.3,149.9,115.0,,,,,,,,,,,6.3337
Gram,122.3,123.1,128.8,133.3,149.9,115.0,103.7,121.7,124.5,121.7,127.6,2008,140.6,127.6,156.5,165.9,182.5,115.0,103.7,121.7,124.5,121.7,123.1,140.6,127.6,156.5,165.9,182.5,122.3,123.1,128.8,133.3,149.9,103.7,,,,,,,,,,,5.7486
Gram,122.3,123.1,128.8,133.3,149.9,115.0,103.7,121.7,124.5,121.7,156.5,2009,140.6,127.6,156.5,165.9,182.5,115.0,103.7,121.7,124.5,121.7,128.8,140.6,127.6,156.5,165.9,182.5,122.3,123.1,128.8,133.3,149.9,121.7,,,,,,,,,,,7.0602
Gram,122.3,123.1,128.8,133.3,149.9,115.0,103.7,121.7,124.5,121.7,165.9,2010,140.6,127.6,156.5,165.9,182.5,115.0,103.7,121.7,124.5,121.7,133.3,140.6,127.6,156.5,165.9,182.5,122.3,123.1,128.8,133.3,149.9,124.5,,,,,,,,,,,7.475903
Gram,122.3,123.1,128.8,133.3,149.9,115.0,103.7,121.7,124.5,121.7,182.5,2011,140.6,127.6,156.5,165.9,182.5,115.0,103.7,121.7,124.5,121.7,149.9,140.6,127.6,156.5,165.9,182.5,122.3,123.1,128.8,133.3,149.9,121.7,,,,,,,,,,,8.221091
Groundnut,124.1,139.1,136.3,121.1,129.5,92.8,156.3,124.6,106.2,151.2,115.2,2007,115.2,217.5,169.8,128.6,195.7,92.8,156.3,124.6,106.2,151.2,124.1,115.2,217.5,169.8,128.6,195.7,124.1,139.1,136.3,121.1,129.5,92.8,,,,,,Girnar - 3 (PBS 12160),108,"West Bengal, Orissa and Manipur under Kharif rainfed condition.",nan,,4.8635
Groundnut,124.1,139.1,136.3,121.1,129.5,92.8,156.3,124.6,106.2,151.2,217.5,2008,115.2,217.5,169.8,128.6,195.7,92.8,156.3,124.6,106.2,151.2,139.1,115.2,217.5,169.8,128.6,195.7,124.1,139.1,136.3,121.1,129.5,156.3,,,,,,Girnar - 3 (PBS 12160),108,"West Bengal, Orissa and Manipur under Kharif rainfed condition.",nan,,9.1825
Groundnut,124.1,139.1,136.3,121.1,129.5,92.8,156.3,124.6,106.2,151.2,169.8,2009,115.2,217.5,169.8,128.6,195.7,92.8,156.3,124.6,106.2,151.2,136.3,115.2,217.5,169.8,128.6,195.7,124.1,139.1,136.3,121.1,129.5,124.6,,,,,,Girnar - 3 (PBS 12160),108,"West Bengal, Orissa and Manipur under Kharif rainfed condition.",nan,,7.1681
Groundnut,124.1,139.1,136.3,121.1,129.5,92.8,156.3,124.6,106.2,151.2,128.6,2010,115.2,217.5,169.8,128.6,195.7,92.8,156.3,124.6,106.2,151.2,121.1,115.2,217.5,169.8,128.6,195.7,124.1,139.1,136.3,121.1,129.5,106.2,,,,,,Girnar - 3 (PBS 12160),108,"West Bengal, Orissa and Manipur under Kharif rainfed condition.",nan,,5.428493
Groundnut,124.1,139.1,136.3,121.1,129.5,92.8,156.3,124.6,106.2,151.2,195.7,2011,115.2,217.5,169.8,128.6,195.7,92.8,156.3,124.6,106.2,151.2,129.5,115.2,217.5,169.8,128.6,195.7,124.1,139.1,136.3,121.1,129.5,151.2,,,,,,Girnar - 3 (PBS 12160),108,"West Bengal, Orissa and Manipur under Kharif rainfed condition.",nan,,8.264782
Jowar,120.7,110.6,107.3,111.0,105.2,103.0,124.6,117.4,105.0,115.8,124.3,2007,124.3,137.8,126.0,116.5,121.8,103.0,124.6,117.4,105.0,115.8,120.7,124.3,137.8,126.0,116.5,121.8,120.7,110.6,107.3,111.0,105.2,103.0,,,,,,,,,,,7.1508
Jowar,120.7,110.6,107.3,111.0,105.2,103.0,124.6,117.4,105.0,115.8,137.8,2008,124.3,137.8,126.0,116.5,121.8,103.0,124.6,117.4,105.0,115.8,110.6,124.3,137.8,126.0,116.5,121.8,120.7,110.6,107.3,111.0,105.2,124.6,,,,,,,,,,,7.9259
Jowar,120.7,110.6,107.3,111.0,105.2,103.0,124.6,117.4,105.0,115.8,126.0,2009,124.3,137.8,126.0,116.5,121.8,103.0,124.6,117.4,105.0,115.8,107.3,124.3,137.8,126.0,116.5,121.8,120.7,110.6,107.3,111.0,105.2,117.4,,,,,,,,,,,7.2456
Jowar,120.7,110.6,107.3,111.0,105.2,103.0,124.6,117.4,105.0,115.8,116.5,2010,124.3,137.8,126.0,116.5,121.8,103.0,124.6,117.4,105.0,115.8,111.0,124.3,137.8,126.0,116.5,121.8,120.7,110.6,107.3,111.0,105.2,105.0,,,,,,,,,,,6.698203
Jowar,120.7,110.6,107.3,111.0,105.2,103.0,124.6,117.4,105.0,115.8,121.8,2011,124.3,137.8,126.0,116.5,121.8,103.0,124.6,117.4,105.0,115.8,105.2,124.3,137.8,126.0,116.5,121.8,120.7,110.6,107.3,111.0,105.2,115.8,,,,,,,,,,,7.003147
Jute,103.6,106.4,102.6,106.0,101.1,212.7,205.2,200.5,226.3,211.5,220.3,2007,220.3,218.3,205.8,239.8,213.8,212.7,205.2,200.5,226.3,211.5,103.6,220.3,218.3,205.8,239.8,213.8,103.6,106.4,102.6,106.0,101.1,212.7,,,,,,SUDHANGSU (JBO-1),nan,"West Bengal, Assam, Bihar and Orissa.",nan,,10.3171
Jute,103.6,106.4,102.6,106.0,101.1,212.7,205.2,200.5,226.3,211.5,218.3,2008,220.3,218.3,205.8,239.8,213.8,212.7,205.2,200.5,226.3,211.5,106.4,220.3,218.3,205.8,239.8,213.8,103.6,106.4,102.6,106.0,101.1,205.2,,,,,,SUDHANGSU (JBO-1),nan,"West Bengal, Assam, Bihar and Orissa.",nan,,10.2201
Jute,103.6,106.4,102.6,106.0,101.1,212.7,205.2,200.5,226.3,211.5,205.8,2009,220.3,218.3,205.8,239.8,213.8,212.7,205.2,200.5,226.3,211.5,102.6,220.3,218.3,205.8,239.8,213.8,103.6,106.4,102.6,106.0,101.1,200.5,,,,,,SUDHANGSU (JBO-1),nan,"West Bengal, Assam, Bihar and Orissa.",nan,,9.6344
Jute,103.6,106.4,102.6,106.0,101.1,212.7,205.2,200.5,226.3,211.5,239.8,2010,220.3,218.3,205.8,239.8,213.8,212.7,205.2,200.5,226.3,211.5,106.0,220.3,218.3,205.8,239.8,213.8,103.6,106.4,102.6,106.0,101.1,226.3,,,,,,SUDHANGSU (JBO-1),nan,"West Bengal, Assam, Bihar and Orissa.",nan,,11.230374
Jute,103.6,106.4,102.6,106.0,101.1,212.7,205.2,200.5,226.3,211.5,213.8,2011,220.3,218.3,205.8,239.8,213.8,212.7,205.2,200.5,226.3,211.5,101.1,220.3,218.3,205.8,239.8,213.8,103.6,106.4,102.6,106.0,101.1,211.5,,,,,,SUDHANGSU (JBO-1),nan,"West Bengal, Assam, Bihar and Orissa.",nan,,10.009412
Jute & Mesta,95.7,98.3,92.2,92.7,89.3,209.7,203.0,200.1,227.0,211.8,200.7,2007,200.7,199.6,184.5,210.4,189.1,209.7,203.0,200.1,227.0,211.8,95.7,200.7,199.6,184.5,210.4,189.1,95.7,98.3,92.2,92.7,89.3,209.7,,,,,,,,,,,
Jute & Mesta,95.7,98.3,92.2,92.7,89.3,209.7,203.0,200.1,227.0,211.8,199.6,2008,200.7,199.6,184.5,210.4,189.1,209.7,203.0,200.1,227.0,211.8,98.3,200.7,199.6,184.5,210.4,189.1,95.7,98.3,92.2,92.7,89.3,203.0,,,,,,,,,,,
Jute & Mesta,95.7,98.3,92.2,92.7,89.3,209.7,203.0,200.1,227.0,211.8,184.5,2009,200.7,199.6,184.5,210.4,189.1,209.7,203.0,200.1,227.0,211.8,92.2,200.7,199.6,184.5,210.4,189.1,95.7,98.3,92.2,92.7,89.3,200.1,,,,,,,,,,,
Jute & Mesta,95.7,98.3,92.2,92.7,89.3,209.7,203.0,200.1,227.0,211.8,210.4,2010,200.7,199.6,184.5,210.4,189.1,209.7,203.0,200.1,227.0,211.8,92.7,200.7,199.6,184.5,210.4,189.1,95.7,98.3,92.2,92.7,89.3,227.0,,,,,,,,,,,
Jute & Mesta,95.7,98.3,92.2,92.7,89.3,209.7,203.0,200.1,227.0,211.8,189.1,2011,200.7,199.6,184.5,210.4,189.1,209.7,203.0,200.1,227.0,211.8,89.3,200.7,199.6,184.5,210.4,189.1,95.7,98.3,92.2,92.7,89.3,211.8,,,,,,,,,,,
Linseed,47.9,51.3,44.8,37.5,39.4,116.8,106.1,126.0,136.5,123.9,55.9,2007,55.9,54.4,56.4,51.2,48.8,116.8,106.1,126.0,136.5,123.9,47.9,55.9,54.4,56.4,51.2,48.8,47.9,51.3,44.8,37.5,39.4,116.8,,,,,,JLS-67 (Shival),114,"Bundelkhand part of Uttar Pradesh, Madhya Pradesh and Rajasthan under rainfed condition.",nan,,0.1679
Linseed,47.9,51.3,44.8,37.5,39.4,116.8,106.1,126.0,136.5,123.9,54.4,2008,55.9,54.4,56.4,51.2,48.8,116.8,106.1,126.0,136.5,123.9,51.3,55.9,54.4,56.4,51.2,48.8,47.9,51.3,44.8,37.5,39.4,106.1,,,,,,JLS-67 (Shival),114,"Bundelkhand part of Uttar Pradesh, Madhya Pradesh and Rajasthan under rainfed condition.",nan,,0.1634
Linseed,47.9,51.3,44.8,37.5,39.4,116.8,106.1,126.0,136.5,123.9,56.4,2009,55.9,54.4,56.4,51.2,48.8,116.8,106.1,126.0,136.5,123.9,44.8,55.9,54.4,56.4,51.2,48.8,47.9,51.3,44.8,37.5,39.4,126.0,,,,,,JLS-67 (Shival),114,"Bundelkhand part of Uttar Pradesh, Madhya Pradesh and Rajasthan under rainfed condition.",nan,,0.169183
Linseed,47.9,51.3,44.8,37.5,39.4,116.8,106.1,126.0,136.5,123.9,51.2,2010,55.9,54.4,56.4,51.2,48.8,116.8,106.1,126.0,136.5,123.9,37.5,55.9,54.4,56.4,51.2,48.8,47.9,51.3,44.8,37.5,39.4,136.5,,,,,,JLS-67 (Shival),114,"Bundelkhand part of Uttar Pradesh, Madhya Pradesh and Rajasthan under rainfed condition.",nan,,0.153703
Linseed,47.9,51.3,44.8,37.5,39.4,116.8,106.1,126.0,136.5,123.9,48.8,2011,55.9,54.4,56.4,51.2,48.8,116.8,106.1,126.0,136.5,123.9,39.4,55.9,54.4,56.4,51.2,48.8,47.9,51.3,44.8,37.5,39.4,123.9,,,,,,JLS-67 (Shival),114,"Bundelkhand part of Uttar Pradesh, Madhya Pradesh and Rajasthan under rainfed condition.",nan,,0.146544
Maize,156.1,160.5,161.6,163.4,169.1,127.3,155.5,160.7,134.7,169.1,198.8,2007,198.8,249.6,259.8,220.1,286.0,127.3,155.5,160.7,134.7,169.1,156.1,198.8,249.6,259.8,220.1,286.0,156.1,160.5,161.6,163.4,169.1,127.3,,,,,,HSC1,80-82,Himachal Pradesh and Uttarakhand under Kharif season.,nan,,15.097
Maize,156.1,160.5,161.6,163.4,169.1,127.3,155.5,160.7,134.7,169.1,249.6,2008,198.8,249.6,259.8,220.1,286.0,127.3,155.5,160.7,134.7,169.1,160.5,198.8,249.6,259.8,220.1,286.0,156.1,160.5,161.6,163.4,169.1,155.5,,,,,,HSC1,80-82,Himachal Pradesh and Uttarakhand under Kharif season.,nan,,18.9554
Maize,156.1,160.5,161.6,163.4,169.1,127.3,155.5,160.7,134.7,169.1,259.8,2009,198.8,249.6,259.8,220.1,286.0,127.3,155.5,160.7,134.7,169.1,161.6,198.8,249.6,259.8,220.1,286.0,156.1,160.5,161.6,163.4,169.1,160.7,,,,,,HSC1,80-82,Himachal Pradesh and Uttarakhand under Kharif season.,nan,,19.7314
Maize,156.1,160.5,161.6,163.4,169.1,127.3,155.5,160.7,134.7,169.1,220.1,2010,198.8,249.6,259.8,220.1,286.0,127.3,155.5,160.7,134.7,169.1,163.4,198.8,249.6,259.8,220.1,286.0,156.1,160.5,161.6,163.4,169.1,134.7,,,,,,HSC1,80-82,Himachal Pradesh and Uttarakhand under Kharif season.,nan,,16.719467
Maize,156.1,160.5,161.6,163.4,169.1,127.3,155.5,160.7,134.7,169.1,286.0,2011,198.8,249.6,259.8,220.1,286.0,127.3,155.5,160.7,134.7,169.1,169.1,198.8,249.6,259.8,220.1,286.0,156.1,160.5,161.6,163.4,169.1,169.1,,,,,,HSC1,80-82,Himachal Pradesh and Uttarakhand under Kharif season.,nan,,21.725752
Mesta,67.2,69.1,54.5,44.5,46.6,121.6,122.5,114.6,112.7,112.0,81.7,2007,81.7,84.6,62.4,50.1,52.2,121.6,122.5,114.6,112.7,112.0,67.2,81.7,84.6,62.4,50.1,52.2,67.2,69.1,54.5,44.5,46.6,121.6,,,,,,SNEHA  (JRM-3),-,Traditional Mesta Growing belt of the Country under rainfed conditions.,nan,,0.9559
Mesta,67.2,69.1,54.5,44.5,46.6,121.6,122.5,114.6,112.7,112.0,84.6,2008,81.7,84.6,62.4,50.1,52.2,121.6,122.5,114.6,112.7,112.0,69.1,81.7,84.6,62.4,50.1,52.2,67.2,69.1,54.5,44.5,46.6,122.5,,,,,,SNEHA  (JRM-3),-,Traditional Mesta Growing belt of the Country under rainfed conditions.,nan,,0.9904
Mesta,67.2,69.1,54.5,44.5,46.6,121.6,122.5,114.6,112.7,112.0,62.4,2009,81.7,84.6,62.4,50.1,52.2,121.6,122.5,114.6,112.7,112.0,54.5,81.7,84.6,62.4,50.1,52.2,67.2,69.1,54.5,44.5,46.6,114.6,,,,,,SNEHA  (JRM-3),-,Traditional Mesta Growing belt of the Country under rainfed conditions.,nan,,0.7309
Mesta,67.2,69.1,54.5,44.5,46.6,121.6,122.5,114.6,112.7,112.0,50.1,2010,81.7,84.6,62.4,50.1,52.2,121.6,122.5,114.6,112.7,112.0,44.5,81.7,84.6,62.4,50.1,52.2,67.2,69.1,54.5,44.5,46.6,112.7,,,,,,SNEHA  (JRM-3),-,Traditional Mesta Growing belt of the Country under rainfed conditions.,nan,,0.587028
Mesta,67.2,69.1,54.5,44.5,46.6,121.6,122.5,114.6,112.7,112.0,52.2,2011,81.7,84.6,62.4,50.1,52.2,121.6,122.5,114.6,112.7,112.0,46.6,81.7,84.6,62.4,50.1,52.2,67.2,69.1,54.5,44.5,46.6,112.0,,,,,,SNEHA  (JRM-3),-,Traditional Mesta Growing belt of the Country under rainfed conditions.,nan,,0.610752
Niger seed,75.7,65.8,63.5,60.6,59.9,86.0,89.6,99.2,88.8,96.90000000000001,65.1,2007,65.1,59.0,63.0,53.8,58.0,86.0,89.6,99.2,88.8,96.90000000000001,75.7,65.1,59.0,63.0,53.8,58.0,75.7,65.8,63.5,60.6,59.9,86.0,,,,,,,,,,,
Niger seed,75.7,65.8,63.5,60.6,59.9,86.0,89.6,99.2,88.8,96.90000000000001,59.0,2008,65.1,59.0,63.0,53.8,58.0,86.0,89.6,99.2,88.8,96.90000000000001,65.8,65.1,59.0,63.0,53.8,58.0,75.7,65.8,63.5,60.6,59.9,89.6,,,,,,,,,,,
Niger seed,75.7,65.8,63.5,60.6,59.9,86.0,89.6,99.2,88.8,96.90000000000001,63.0,2009,65.1,59.0,63.0,53.8,58.0,86.0,89.6,99.2,88.8,96.90000000000001,63.5,65.1,59.0,63.0,53.8,58.0,75.7,65.8,63.5,60.6,59.9,99.2,,,,,,,,,,,
Niger seed,75.7,65.8,63.5,60.6,59.9,86.0,89.6,99.2,88.8,96.90000000000001,53.8,2010,65.1,59.0,63.0,53.8,58.0,86.0,89.6,99.2,88.8,96.90000000000001,60.6,65.1,59.0,63.0,53.8,58.0,75.7,65.8,63.5,60.6,59.9,88.8,,,,,,,,,,,
Niger seed,75.7,65.8,63.5,60.6,59.9,86.0,89.6,99.2,88.8,96.90000000000001,58.0,2011,65.1,59.0,63.0,53.8,58.0,86.0,89.6,99.2,88.8,96.90000000000001,59.9,65.1,59.0,63.0,53.8,58.0,75.7,65.8,63.5,60.6,59.9,96.9,,,,,,,,,,,
Nine Oilseeds,126.1,126.9,131.0,123.4,129.4,116.7,142.0,128.1,122.1,152.0,147.1,2007,147.1,180.2,167.9,150.7,196.7,116.7,142.0,128.1,122.1,152.0,126.1,147.1,180.2,167.9,150.7,196.7,126.1,126.9,131.0,123.4,129.4,116.7,,,,,,,,,,,25.41
Nine Oilseeds,126.1,126.9,131.0,123.4,129.4,116.7,142.0,128.1,122.1,152.0,180.2,2008,147.1,180.2,167.9,150.7,196.7,116.7,142.0,128.1,122.1,152.0,126.9,147.1,180.2,167.9,150.7,196.7,126.1,126.9,131.0,123.4,129.4,142.0,,,,,,,,,,,26.45
Nine Oilseeds,126.1,126.9,131.0,123.4,129.4,116.7,142.0,128.1,122.1,152.0,167.9,2009,147.1,180.2,167.9,150.7,196.7,116.7,142.0,128.1,122.1,152.0,131.0,147.1,180.2,167.9,150.7,196.7,126.1,126.9,131.0,123.4,129.4,128.1,,,,,,,,,,,27.23
Nine Oilseeds,126.1,126.9,131.0,123.4,129.4,116.7,142.0,128.1,122.1,152.0,150.7,2010,147.1,180.2,167.9,150.7,196.7,116.7,142.0,128.1,122.1,152.0,123.4,147.1,180.2,167.9,150.7,196.7,126.1,126.9,131.0,123.4,129.4,122.1,,,,,,,,,,,26.92
Nine Oilseeds,126.1,126.9,131.0,123.4,129.4,116.7,142.0,128.1,122.1,152.0,196.7,2011,147.1,180.2,167.9,150.7,196.7,116.7,142.0,128.1,122.1,152.0,129.4,147.1,180.2,167.9,150.7,196.7,126.1,126.9,131.0,123.4,129.4,152.0,,,,,,,,,,,26.79
Onion,207.7,208.4,246.8,223.6,314.7,115.8,118.7,148.8,147.1,130.0,240.5,2007,240.5,247.3,367.1,329.1,409.1,115.8,118.7,148.8,147.1,130.0,207.7,240.5,247.3,367.1,329.1,409.1,207.7,208.4,246.8,223.6,314.7,115.8,,,,,,,,,,,
Onion,207.7,208.4,246.8,223.6,314.7,115.8,118.7,148.8,147.1,130.0,247.3,2008,240.5,247.3,367.1,329.1,409.1,115.8,118.7,148.8,147.1,130.0,208.4,240.5,247.3,367.1,329.1,409.1,207.7,208.4,246.8,223.6,314.7,118.7,,,,,,,,,,,
Onion,207.7,208.4,246.8,223.6,314.7,115.8,118.7,148.8,147.1,130.0,367.1,2009,240.5,247.3,367.1,329.1,409.1,115.8,118.7,148.8,147.1,130.0,246.8,240.5,247.3,367.1,329.1,409.1,207.7,208.4,246.8,223.6,314.7,148.8,,,,,,,,,,,
Onion,207.7,208.4,246.8,223.6,314.7,115.8,118.7,148.8,147.1,130.0,329.1,2010,240.5,247.3,367.1,329.1,409.1,115.8,118.7,148.8,147.1,130.0,223.6,240.5,247.3,367.1,329.1,409.1,207.7,208.4,246.8,223.6,314.7,147.1,,,,,,,,,,,
Onion,207.7,208.4,246.8,223.6,314.7,115.8,118.7,148.8,147.1,130.0,409.1,2011,240.5,247.3,367.1,329.1,409.1,115.8,118.7,148.8,147.1,130.0,314.7,240.5,247.3,367.1,329.1,409.1,207.7,208.4,246.8,223.6,314.7,130.0,,,,,,,,,,,
Other Pulses,131.3,133.8,117.1,126.1,139.1,105.9,111.3,112.2,93.9,129.0,139.1,2007,139.1,148.9,131.4,118.4,179.5,105.9,111.3,112.2,93.9,129.0,131.3,139.1,148.9,131.4,118.4,179.5,131.3,133.8,117.1,126.1,139.1,105.9,,,,,,,,,,,
Other Pulses,131.3,133.8,117.1,126.1,139.1,105.9,111.3,112.2,93.9,129.0,148.9,2008,139.1,148.9,131.4,118.4,179.5,105.9,111.3,112.2,93.9,129.0,133.8,139.1,148.9,131.4,118.4,179.5,131.3,133.8,117.1,126.1,139.1,111.3,,,,,,,,,,,
Other Pulses,131.3,133.8,117.1,126.1,139.1,105.9,111.3,112.2,93.9,129.0,131.4,2009,139.1,148.9,131.4,118.4,179.5,105.9,111.3,112.2,93.9,129.0,117.1,139.1,148.9,131.4,118.4,179.5,131.3,133.8,117.1,126.1,139.1,112.2,,,,,,,,,,,
Other Pulses,131.3,133.8,117.1,126.1,139.1,105.9,111.3,112.2,93.9,129.0,118.4,2010,139.1,148.9,131.4,118.4,179.5,105.9,111.3,112.2,93.9,129.0,126.1,139.1,148.9,131.4,118.4,179.5,131.3,133.8,117.1,126.1,139.1,93.9,,,,,,,,,,,
Other Pulses,131.3,133.8,117.1,126.1,139.1,105.9,111.3,112.2,93.9,129.0,179.5,2011,139.1,148.9,131.4,118.4,179.5,105.9,111.3,112.2,93.9,129.0,139.1,139.1,148.9,131.4,118.4,179.5,131.3,133.8,117.1,126.1,139.1,129.0,,,,,,,,,,,
Potato,142.2,148.8,175.1,175.8,178.4,95.5,117.1,120.2,127.4,145.2,135.7,2007,135.7,174.2,210.5,223.8,259.1,95.5,117.1,120.2,127.4,145.2,142.2,135.7,174.2,210.5,223.8,259.1,142.2,148.8,175.1,175.8,178.4,95.5,,,,,,,,,,,22.2
Potato,142.2,148.8,175.1,175.8,178.4,95.5,117.1,120.2,127.4,145.2,174.2,2008,135.7,174.2,210.5,223.8,259.1,95.5,117.1,120.2,127.4,145.2,148.8,135.7,174.2,210.5,223.8,259.1,142.2,148.8,175.1,175.8,178.4,117.1,,,,,,,,,,,28.5
Potato,142.2,148.8,175.1,175.8,178.4,95.5,117.1,120.2,127.4,145.2,210.5,2009,135.7,174.2,210.5,223.8,259.1,95.5,117.1,120.2,127.4,145.2,175.1,135.7,174.2,210.5,223.8,259.1,142.2,148.8,175.1,175.8,178.4,120.2,,,,,,,,,,,
Potato,142.2,148.8,175.1,175.8,178.4,95.5,117.1,120.2,127.4,145.2,223.8,2010,135.7,174.2,210.5,223.8,259.1,95.5,117.1,120.2,127.4,145.2,175.8,135.7,174.2,210.5,223.8,259.1,142.2,148.8,175.1,175.8,178.4,127.4,,,,,,,,,,,
Potato,142.2,148.8,175.1,175.8,178.4,95.5,117.1,120.2,127.4,145.2,259.1,2011,135.7,174.2,210.5,223.8,259.1,95.5,117.1,120.2,127.4,145.2,178.4,135.7,174.2,210.5,223.8,259.1,142.2,148.8,175.1,175.8,178.4,145.2,,,,,,,,,,,
Ragi,60.2,70.9,70.6,64.8,65.8,93.2,117.9,112.2,113.2,129.6,56.1,2007,56.1,83.6,79.3,73.4,85.2,93.2,117.9,112.2,113.2,129.6,60.2,56.1,83.6,79.3,73.4,85.2,60.2,70.9,70.6,64.8,65.8,93.2,,,,,,,,,,,1.4436
Ragi,60.2,70.9,70.6,64.8,65.8,93.2,117.9,112.2,113.2,129.6,83.6,2008,56.1,83.6,79.3,73.4,85.2,93.2,117.9,112.2,113.2,129.6,70.9,56.1,83.6,79.3,73.4,85.2,60.2,70.9,70.6,64.8,65.8,117.9,,,,,,,,,,,2.1522
Ragi,60.2,70.9,70.6,64.8,65.8,93.2,117.9,112.2,113.2,129.6,79.3,2009,56.1,83.6,79.3,73.4,85.2,93.2,117.9,112.2,113.2,129.6,70.6,56.1,83.6,79.3,73.4,85.2,60.2,70.9,70.6,64.8,65.8,112.2,,,,,,,,,,,2.0399
Ragi,60.2,70.9,70.6,64.8,65.8,93.2,117.9,112.2,113.2,129.6,73.4,2010,56.1,83.6,79.3,73.4,85.2,93.2,117.9,112.2,113.2,129.6,64.8,56.1,83.6,79.3,73.4,85.2,60.2,70.9,70.6,64.8,65.8,113.2,,,,,,,,,,,1.888462
Ragi,60.2,70.9,70.6,64.8,65.8,93.2,117.9,112.2,113.2,129.6,85.2,2011,56.1,83.6,79.3,73.4,85.2,93.2,117.9,112.2,113.2,129.6,65.8,56.1,83.6,79.3,73.4,85.2,60.2,70.9,70.6,64.8,65.8,129.6,,,,,,,,,,,2.193451
Rapeseed &Mustard,107.0,91.8,99.3,88.1,108.8,129.6,118.5,135.2,139.9,140.2,138.7,2007,138.7,108.8,134.3,123.2,152.5,129.6,118.5,135.2,139.9,140.2,107.0,138.7,108.8,134.3,123.2,152.5,107.0,91.8,99.3,88.1,108.8,129.6,,,,,,,,,,,
Rapeseed &Mustard,107.0,91.8,99.3,88.1,108.8,129.6,118.5,135.2,139.9,140.2,108.8,2008,138.7,108.8,134.3,123.2,152.5,129.6,118.5,135.2,139.9,140.2,91.8,138.7,108.8,134.3,123.2,152.5,107.0,91.8,99.3,88.1,108.8,118.5,,,,,,,,,,,
Rapeseed &Mustard,107.0,91.8,99.3,88.1,108.8,129.6,118.5,135.2,139.9,140.2,134.3,2009,138.7,108.8,134.3,123.2,152.5,129.6,118.5,135.2,139.9,140.2,99.3,138.7,108.8,134.3,123.2,152.5,107.0,91.8,99.3,88.1,108.8,135.2,,,,,,,,,,,
Rapeseed &Mustard,107.0,91.8,99.3,88.1,108.8,129.6,118.5,135.2,139.9,140.2,123.2,2010,138.7,108.8,134.3,123.2,152.5,129.6,118.5,135.2,139.9,140.2,88.1,138.7,108.8,134.3,123.2,152.5,107.0,91.8,99.3,88.1,108.8,139.9,,,,,,,,,,,
Rapeseed &Mustard,107.0,91.8,99.3,88.1,108.8,129.6,118.5,135.2,139.9,140.2,152.5,2011,138.7,108.8,134.3,123.2,152.5,129.6,118.5,135.2,139.9,140.2,108.8,138.7,108.8,134.3,123.2,152.5,107.0,91.8,99.3,88.1,108.8,140.2,,,,,,,,,,,
Rice,168.5,168.9,175.1,161.2,164.8,119.2,123.1,121.8,118.9,125.2,200.8,2007,200.8,207.9,213.3,191.6,206.4,119.2,123.1,121.8,118.9,125.2,168.5,200.8,207.9,213.3,191.6,206.4,168.5,168.9,175.1,161.2,164.8,119.2,,,,,,,,,,99.0,93.3553
Rice,168.5,168.9,175.1,161.2,164.8,119.2,123.1,121.8,118.9,125.2,207.9,2008,200.8,207.9,213.3,191.6,206.4,119.2,123.1,121.8,118.9,125.2,168.9,200.8,207.9,213.3,191.6,206.4,168.5,168.9,175.1,161.2,164.8,123.1,,,,,,,,,,105.0,96.6929
Rice,168.5,168.9,175.1,161.2,164.8,119.2,123.1,121.8,118.9,125.2,213.3,2009,200.8,207.9,213.3,191.6,206.4,119.2,123.1,121.8,118.9,125.2,175.1,200.8,207.9,213.3,191.6,206.4,168.5,168.9,175.1,161.2,164.8,121.8,,,,,,,,,,112.0,99.1825
Rice,168.5,168.9,175.1,161.2,164.8,119.2,123.1,121.8,118.9,125.2,191.6,2010,200.8,207.9,213.3,191.6,206.4,119.2,123.1,121.8,118.9,125.2,161.2,200.8,207.9,213.3,191.6,206.4,168.5,168.9,175.1,161.2,164.8,118.9,,,,,,,,,,121.0,89.092901
Rice,168.5,168.9,175.1,161.2,164.8,119.2,123.1,121.8,118.9,125.2,206.4,2011,200.8,207.9,213.3,191.6,206.4,119.2,123.1,121.8,118.9,125.2,164.8,200.8,207.9,213.3,191.6,206.4,168.5,168.9,175.1,161.2,164.8,125.2,,,,,,,,,,117.0,95.97981924
Rubber,98.6,138.1,143.8,149.2,149.2,218.5,151.1,151.9,140.9,140.9,215.5,2007,215.5,208.6,216.5,210.1,210.1,218.5,151.1,151.9,140.9,140.9,98.6,215.5,208.6,216.5,210.1,210.1,98.6,138.1,143.8,149.2,149.2,218.5,,,,,,,,,,,
Rubber,98.6,138.1,143.8,149.2,149.2,218.5,151.1,151.9,140.9,140.9,208.6,2008,215.5,208.6,216.5,210.1,210.1,218.5,151.1,151.9,140.9,140.9,138.1,215.5,208.6,216.5,210.1,210.1,98.6,138.1,143.8,149.2,149.2,151.1,,,,,,,,,,,
Rubber,98.6,138.1,143.8,149.2,149.2,218.5,151.1,151.9,140.9,140.9,216.5,2009,215.5,208.6,216.5,210.1,210.1,218.5,151.1,151.9,140.9,140.9,143.8,215.5,208.6,216.5,210.1,210.1,98.6,138.1,143.8,149.2,149.2,151.9,,,,,,,,,,,
Rubber,98.6,138.1,143.8,149.2,149.2,218.5,151.1,151.9,140.9,140.9,210.1,2010,215.5,208.6,216.5,210.1,210.1,218.5,151.1,151.9,140.9,140.9,149.2,215.5,208.6,216.5,210.1,210.1,98.6,138.1,143.8,149.2,149.2,140.9,,,,,,,,,,,
Rubber,98.6,138.1,143.8,149.2,149.2,218.5,151.1,151.9,140.9,140.9,210.1,2011,215.5,208.6,216.5,210.1,210.1,218.5,151.1,151.9,140.9,140.9,149.2,215.5,208.6,216.5,210.1,210.1,98.6,138.1,143.8,149.2,149.2,140.9,,,,,,,,,,,
Safflower,55.8,47.4,43.6,42.6,36.1,120.6,132.6,121.5,117.5,116.7,67.3,2007,67.3,62.8,53.0,50.1,42.1,120.6,132.6,121.5,117.5,116.7,55.8,67.3,62.8,53.0,50.1,42.1,55.8,47.4,43.6,42.6,36.1,120.6,,,,,,,,,,,0.2403
Safflower,55.8,47.4,43.6,42.6,36.1,120.6,132.6,121.5,117.5,116.7,62.8,2008,67.3,62.8,53.0,50.1,42.1,120.6,132.6,121.5,117.5,116.7,47.4,67.3,62.8,53.0,50.1,42.1,55.8,47.4,43.6,42.6,36.1,132.6,,,,,,,,,,,0.2245
Safflower,55.8,47.4,43.6,42.6,36.1,120.6,132.6,121.5,117.5,116.7,53.0,2009,67.3,62.8,53.0,50.1,42.1,120.6,132.6,121.5,117.5,116.7,43.6,67.3,62.8,53.0,50.1,42.1,55.8,47.4,43.6,42.6,36.1,121.5,,,,,,,,,,,0.1892
Safflower,55.8,47.4,43.6,42.6,36.1,120.6,132.6,121.5,117.5,116.7,50.1,2010,67.3,62.8,53.0,50.1,42.1,120.6,132.6,121.5,117.5,116.7,42.6,67.3,62.8,53.0,50.1,42.1,55.8,47.4,43.6,42.6,36.1,117.5,,,,,,,,,,,0.178822
Safflower,55.8,47.4,43.6,42.6,36.1,120.6,132.6,121.5,117.5,116.7,42.1,2011,67.3,62.8,53.0,50.1,42.1,120.6,132.6,121.5,117.5,116.7,36.1,67.3,62.8,53.0,50.1,42.1,55.8,47.4,43.6,42.6,36.1,116.7,,,,,,,,,,,0.150432
Sannhamp,54.2,51.4,45.0,45.0,47.6,180.7,182.7,195.2,179.4,230.9,97.9,2007,97.9,93.0,87.8,69.0,109.9,180.7,182.7,195.2,179.4,230.9,54.2,97.9,93.0,87.8,69.0,109.9,54.2,51.4,45.0,45.0,47.6,180.7,,,,,,,,,,,
Sannhamp,54.2,51.4,45.0,45.0,47.6,180.7,182.7,195.2,179.4,230.9,93.0,2008,97.9,93.0,87.8,69.0,109.9,180.7,182.7,195.2,179.4,230.9,51.4,97.9,93.0,87.8,69.0,109.9,54.2,51.4,45.0,45.0,47.6,182.7,,,,,,,,,,,
Sannhamp,54.2,51.4,45.0,45.0,47.6,180.7,182.7,195.2,179.4,230.9,87.8,2009,97.9,93.0,87.8,69.0,109.9,180.7,182.7,195.2,179.4,230.9,45.0,97.9,93.0,87.8,69.0,109.9,54.2,51.4,45.0,45.0,47.6,195.2,,,,,,,,,,,
Sannhamp,54.2,51.4,45.0,45.0,47.6,180.7,182.7,195.2,179.4,230.9,69.0,2010,97.9,93.0,87.8,69.0,109.9,180.7,182.7,195.2,179.4,230.9,45.0,97.9,93.0,87.8,69.0,109.9,54.2,51.4,45.0,45.0,47.6,179.4,,,,,,,,,,,
Sannhamp,54.2,51.4,45.0,45.0,47.6,180.7,182.7,195.2,179.4,230.9,109.9,2011,97.9,93.0,87.8,69.0,109.9,180.7,182.7,195.2,179.4,230.9,47.6,97.9,93.0,87.8,69.0,109.9,54.2,51.4,45.0,45.0,47.6,230.9,,,,,,,,,,,
Sesamum,74.2,78.4,78.8,84.6,90.7,128.7,149.1,125.4,107.4,151.9,95.5,2007,95.5,116.8,98.8,90.8,137.9,128.7,149.1,125.4,107.4,151.9,74.2,95.5,116.8,98.8,90.8,137.9,74.2,78.4,78.8,84.6,90.7,128.7,,,,,,,,,,,
Sesamum,74.2,78.4,78.8,84.6,90.7,128.7,149.1,125.4,107.4,151.9,116.8,2008,95.5,116.8,98.8,90.8,137.9,128.7,149.1,125.4,107.4,151.9,78.4,95.5,116.8,98.8,90.8,137.9,74.2,78.4,78.8,84.6,90.7,149.1,,,,,,,,,,,
Sesamum,74.2,78.4,78.8,84.6,90.7,128.7,149.1,125.4,107.4,151.9,98.8,2009,95.5,116.8,98.8,90.8,137.9,128.7,149.1,125.4,107.4,151.9,78.8,95.5,116.8,98.8,90.8,137.9,74.2,78.4,78.8,84.6,90.7,125.4,,,,,,,,,,,
Sesamum,74.2,78.4,78.8,84.6,90.7,128.7,149.1,125.4,107.4,151.9,90.8,2010,95.5,116.8,98.8,90.8,137.9,128.7,149.1,125.4,107.4,151.9,84.6,95.5,116.8,98.8,90.8,137.9,74.2,78.4,78.8,84.6,90.7,107.4,,,,,,,,,,,
Sesamum,74.2,78.4,78.8,84.6,90.7,128.7,149.1,125.4,107.4,151.9,137.9,2011,95.5,116.8,98.8,90.8,137.9,128.7,149.1,125.4,107.4,151.9,90.7,95.5,116.8,98.8,90.8,137.9,74.2,78.4,78.8,84.6,90.7,151.9,,,,,,,,,,,
Small millets,50.9,52.3,45.6,41.8,45.0,106.0,118.3,109.7,102.7,182.4,53.9,2007,53.9,61.9,50.0,42.9,82.0,106.0,118.3,109.7,102.7,182.4,50.9,53.9,61.9,50.0,42.9,82.0,50.9,52.3,45.6,41.8,45.0,106.0,,,,,,,,,,,0.4796
Small millets,50.9,52.3,45.6,41.8,45.0,106.0,118.3,109.7,102.7,182.4,61.9,2008,53.9,61.9,50.0,42.9,82.0,106.0,118.3,109.7,102.7,182.4,52.3,53.9,61.9,50.0,42.9,82.0,50.9,52.3,45.6,41.8,45.0,118.3,,,,,,,,,,,0.5507
Small millets,50.9,52.3,45.6,41.8,45.0,106.0,118.3,109.7,102.7,182.4,50.0,2009,53.9,61.9,50.0,42.9,82.0,106.0,118.3,109.7,102.7,182.4,45.6,53.9,61.9,50.0,42.9,82.0,50.9,52.3,45.6,41.8,45.0,109.7,,,,,,,,,,,0.4448
Small millets,50.9,52.3,45.6,41.8,45.0,106.0,118.3,109.7,102.7,182.4,42.9,2010,53.9,61.9,50.0,42.9,82.0,106.0,118.3,109.7,102.7,182.4,41.8,53.9,61.9,50.0,42.9,82.0,50.9,52.3,45.6,41.8,45.0,102.7,,,,,,,,,,,0.381922
Small millets,50.9,52.3,45.6,41.8,45.0,106.0,118.3,109.7,102.7,182.4,82.0,2011,53.9,61.9,50.0,42.9,82.0,106.0,118.3,109.7,102.7,182.4,45.0,53.9,61.9,50.0,42.9,82.0,50.9,52.3,45.6,41.8,45.0,182.4,,,,,,,,,,,0.441967
Soyabean,222.7,237.5,254.5,260.3,256.8,113.7,132.1,111.4,109.5,141.9,253.2,2007,253.2,313.8,283.4,285.1,364.4,113.7,132.1,111.4,109.5,141.9,222.7,253.2,313.8,283.4,285.1,364.4,222.7,237.5,254.5,260.3,256.8,113.7,,,,,,,,,,,8.8508
Soyabean,222.7,237.5,254.5,260.3,256.8,113.7,132.1,111.4,109.5,141.9,313.8,2008,253.2,313.8,283.4,285.1,364.4,113.7,132.1,111.4,109.5,141.9,237.5,253.2,313.8,283.4,285.1,364.4,222.7,237.5,254.5,260.3,256.8,132.1,,,,,,,,,,,10.9682
Soyabean,222.7,237.5,254.5,260.3,256.8,113.7,132.1,111.4,109.5,141.9,283.4,2009,253.2,313.8,283.4,285.1,364.4,113.7,132.1,111.4,109.5,141.9,254.5,253.2,313.8,283.4,285.1,364.4,222.7,237.5,254.5,260.3,256.8,111.4,,,,,,,,,,,9.90543
Soyabean,222.7,237.5,254.5,260.3,256.8,113.7,132.1,111.4,109.5,141.9,285.1,2010,253.2,313.8,283.4,285.1,364.4,113.7,132.1,111.4,109.5,141.9,260.3,253.2,313.8,283.4,285.1,364.4,222.7,237.5,254.5,260.3,256.8,109.5,,,,,,,,,,,9.964477
Soyabean,222.7,237.5,254.5,260.3,256.8,113.7,132.1,111.4,109.5,141.9,364.4,2011,253.2,313.8,283.4,285.1,364.4,113.7,132.1,111.4,109.5,141.9,256.8,253.2,313.8,283.4,285.1,364.4,222.7,237.5,254.5,260.3,256.8,141.9,,,,,,,,,,,12.736397
Sugarcane,142.6,140.0,122.2,115.6,135.2,105.1,104.8,98.3,106.6,106.7,149.8,2007,149.8,146.7,120.1,123.2,144.3,105.1,104.8,98.3,106.6,106.7,142.6,149.8,146.7,120.1,123.2,144.3,142.6,140.0,122.2,115.6,135.2,105.1,,,,,,Karan 6 (Co 0239),nan,"Punjab, Haryana, Rajasthan, Uttarakhand, Central and Western Uttar Pradesh.",nan,91.0,355.5197
Sugarcane,142.6,140.0,122.2,115.6,135.2,105.1,104.8,98.3,106.6,106.7,146.7,2008,149.8,146.7,120.1,123.2,144.3,105.1,104.8,98.3,106.6,106.7,140.0,149.8,146.7,120.1,123.2,144.3,142.6,140.0,122.2,115.6,135.2,104.8,,,,,,Karan 6 (Co 0239),nan,"Punjab, Haryana, Rajasthan, Uttarakhand, Central and Western Uttar Pradesh.",nan,87.0,348.1879
Sugarcane,142.6,140.0,122.2,115.6,135.2,105.1,104.8,98.3,106.6,106.7,120.1,2009,149.8,146.7,120.1,123.2,144.3,105.1,104.8,98.3,106.6,106.7,122.2,149.8,146.7,120.1,123.2,144.3,142.6,140.0,122.2,115.6,135.2,98.3,,,,,,Karan 6 (Co 0239),nan,"Punjab, Haryana, Rajasthan, Uttarakhand, Central and Western Uttar Pradesh.",nan,80.0,285.0293
Sugarcane,142.6,140.0,122.2,115.6,135.2,105.1,104.8,98.3,106.6,106.7,123.2,2010,149.8,146.7,120.1,123.2,144.3,105.1,104.8,98.3,106.6,106.7,115.6,149.8,146.7,120.1,123.2,144.3,142.6,140.0,122.2,115.6,135.2,106.6,,,,,,Karan 6 (Co 0239),nan,"Punjab, Haryana, Rajasthan, Uttarakhand, Central and Western Uttar Pradesh.",nan,81.0,292.301617
Sugarcane,142.6,140.0,122.2,115.6,135.2,105.1,104.8,98.3,106.6,106.7,144.3,2011,149.8,146.7,120.1,123.2,144.3,105.1,104.8,98.3,106.6,106.7,135.2,149.8,146.7,120.1,123.2,144.3,142.6,140.0,122.2,115.6,135.2,106.7,,,,,,Karan 6 (Co 0239),nan,"Punjab, Haryana, Rajasthan, Uttarakhand, Central and Western Uttar Pradesh.",nan,109.0,342.3815552
Sunflower,175.0,154.5,146.5,119.3,75.1,92.2,124.5,103.9,93.7,114.0,161.3,2007,161.3,192.3,152.2,111.8,85.6,92.2,124.5,103.9,93.7,114.0,175.0,161.3,192.3,152.2,111.8,85.6,175.0,154.5,146.5,119.3,75.1,92.2,,,,,,,,,,,1.2275
Sunflower,175.0,154.5,146.5,119.3,75.1,92.2,124.5,103.9,93.7,114.0,192.3,2008,161.3,192.3,152.2,111.8,85.6,92.2,124.5,103.9,93.7,114.0,154.5,161.3,192.3,152.2,111.8,85.6,175.0,154.5,146.5,119.3,75.1,124.5,,,,,,,,,,,1.4631
Sunflower,175.0,154.5,146.5,119.3,75.1,92.2,124.5,103.9,93.7,114.0,152.2,2009,161.3,192.3,152.2,111.8,85.6,92.2,124.5,103.9,93.7,114.0,146.5,161.3,192.3,152.2,111.8,85.6,175.0,154.5,146.5,119.3,75.1,103.9,,,,,,,,,,,1.158
Sunflower,175.0,154.5,146.5,119.3,75.1,92.2,124.5,103.9,93.7,114.0,111.8,2010,161.3,192.3,152.2,111.8,85.6,92.2,124.5,103.9,93.7,114.0,119.3,161.3,192.3,152.2,111.8,85.6,175.0,154.5,146.5,119.3,75.1,93.7,,,,,,,,,,,0.850744
Sunflower,175.0,154.5,146.5,119.3,75.1,92.2,124.5,103.9,93.7,114.0,85.6,2011,161.3,192.3,152.2,111.8,85.6,92.2,124.5,103.9,93.7,114.0,75.1,161.3,192.3,152.2,111.8,85.6,175.0,154.5,146.5,119.3,75.1,114.0,,,,,,,,,,,0.651063
Sweet potato,75.8,75.4,88.4,84.6,80.4,106.9,105.2,106.6,108.8,109.6,81.1,2007,81.1,79.3,94.2,92.1,88.1,106.9,105.2,106.6,108.8,109.6,75.8,81.1,79.3,94.2,92.1,88.1,75.8,75.4,88.4,84.6,80.4,106.9,,,,,,,,,,,
Sweet potato,75.8,75.4,88.4,84.6,80.4,106.9,105.2,106.6,108.8,109.6,79.3,2008,81.1,79.3,94.2,92.1,88.1,106.9,105.2,106.6,108.8,109.6,75.4,81.1,79.3,94.2,92.1,88.1,75.8,75.4,88.4,84.6,80.4,105.2,,,,,,,,,,,
Sweet potato,75.8,75.4,88.4,84.6,80.4,106.9,105.2,106.6,108.8,109.6,94.2,2009,81.1,79.3,94.2,92.1,88.1,106.9,105.2,106.6,108.8,109.6,88.4,81.1,79.3,94.2,92.1,88.1,75.8,75.4,88.4,84.6,80.4,106.6,,,,,,,,,,,
Sweet potato,75.8,75.4,88.4,84.6,80.4,106.9,105.2,106.6,108.8,109.6,92.1,2010,81.1,79.3,94.2,92.1,88.1,106.9,105.2,106.6,108.8,109.6,84.6,81.1,79.3,94.2,92.1,88.1,75.8,75.4,88.4,84.6,80.4,108.8,,,,,,,,,,,
Sweet potato,75.8,75.4,88.4,84.6,80.4,106.9,105.2,106.6,108.8,109.6,88.1,2011,81.1,79.3,94.2,92.1,88.1,106.9,105.2,106.6,108.8,109.6,80.4,81.1,79.3,94.2,92.1,88.1,75.8,75.4,88.4,84.6,80.4,109.6,,,,,,,,,,,
Tapioca,105.1,103.9,114.8,95.1,90.6,139.2,145.7,145.6,147.1,154.8,146.4,2007,146.4,151.5,167.1,140.0,140.3,139.2,145.7,145.6,147.1,154.8,105.1,146.4,151.5,167.1,140.0,140.3,105.1,103.9,114.8,95.1,90.6,139.2,,,,,,,,,,,
Tapioca,105.1,103.9,114.8,95.1,90.6,139.2,145.7,145.6,147.1,154.8,151.5,2008,146.4,151.5,167.1,140.0,140.3,139.2,145.7,145.6,147.1,154.8,103.9,146.4,151.5,167.1,140.0,140.3,105.1,103.9,114.8,95.1,90.6,145.7,,,,,,,,,,,
Tapioca,105.1,103.9,114.8,95.1,90.6,139.2,145.7,145.6,147.1,154.8,167.1,2009,146.4,151.5,167.1,140.0,140.3,139.2,145.7,145.6,147.1,154.8,114.8,146.4,151.5,167.1,140.0,140.3,105.1,103.9,114.8,95.1,90.6,145.6,,,,,,,,,,,
Tapioca,105.1,103.9,114.8,95.1,90.6,139.2,145.7,145.6,147.1,154.8,140.0,2010,146.4,151.5,167.1,140.0,140.3,139.2,145.7,145.6,147.1,154.8,95.1,146.4,151.5,167.1,140.0,140.3,105.1,103.9,114.8,95.1,90.6,147.1,,,,,,,,,,,
Tapioca,105.1,103.9,114.8,95.1,90.6,139.2,145.7,145.6,147.1,154.8,140.3,2011,146.4,151.5,167.1,140.0,140.3,139.2,145.7,145.6,147.1,154.8,90.6,146.4,151.5,167.1,140.0,140.3,105.1,103.9,114.8,95.1,90.6,154.8,,,,,,,,,,,
Tea,135.3,137.8,137.8,137.8,137.8,97.7,96.3,95.8,95.8,95.8,132.2,2007,132.2,132.8,132.0,132.0,132.0,97.7,96.3,95.8,95.8,95.8,135.3,132.2,132.8,132.0,132.0,132.0,135.3,137.8,137.8,137.8,137.8,97.7,,,,,,,,,,,
Tea,135.3,137.8,137.8,137.8,137.8,97.7,96.3,95.8,95.8,95.8,132.8,2008,132.2,132.8,132.0,132.0,132.0,97.7,96.3,95.8,95.8,95.8,137.8,132.2,132.8,132.0,132.0,132.0,135.3,137.8,137.8,137.8,137.8,96.3,,,,,,,,,,,
Tea,135.3,137.8,137.8,137.8,137.8,97.7,96.3,95.8,95.8,95.8,132.0,2009,132.2,132.8,132.0,132.0,132.0,97.7,96.3,95.8,95.8,95.8,137.8,132.2,132.8,132.0,132.0,132.0,135.3,137.8,137.8,137.8,137.8,95.8,,,,,,,,,,,
Tea,135.3,137.8,137.8,137.8,137.8,97.7,96.3,95.8,95.8,95.8,132.0,2010,132.2,132.8,132.0,132.0,132.0,97.7,96.3,95.8,95.8,95.8,137.8,132.2,132.8,132.0,132.0,132.0,135.3,137.8,137.8,137.8,137.8,95.8,,,,,,,,,,,
Tea,135.3,137.8,137.8,137.8,137.8,97.7,96.3,95.8,95.8,95.8,132.0,2011,132.2,132.8,132.0,132.0,132.0,97.7,96.3,95.8,95.8,95.8,137.8,132.2,132.8,132.0,132.0,132.0,135.3,137.8,137.8,137.8,137.8,95.8,,,,,,,,,,,
Tobacco,88.8,83.9,94.2,107.1,118.8,99.1,88.3,102.4,109.6,118.6,88.1,2007,88.1,83.6,96.4,105.3,140.9,99.1,88.3,102.4,109.6,118.6,88.8,88.1,83.6,96.4,105.3,140.9,88.8,83.9,94.2,107.1,118.8,99.1,,,,,,,,,,,
Tobacco,88.8,83.9,94.2,107.1,118.8,99.1,88.3,102.4,109.6,118.6,83.6,2008,88.1,83.6,96.4,105.3,140.9,99.1,88.3,102.4,109.6,118.6,83.9,88.1,83.6,96.4,105.3,140.9,88.8,83.9,94.2,107.1,118.8,88.3,,,,,,,,,,,
Tobacco,88.8,83.9,94.2,107.1,118.8,99.1,88.3,102.4,109.6,118.6,96.4,2009,88.1,83.6,96.4,105.3,140.9,99.1,88.3,102.4,109.6,118.6,94.2,88.1,83.6,96.4,105.3,140.9,88.8,83.9,94.2,107.1,118.8,102.4,,,,,,,,,,,
Tobacco,88.8,83.9,94.2,107.1,118.8,99.1,88.3,102.4,109.6,118.6,105.3,2010,88.1,83.6,96.4,105.3,140.9,99.1,88.3,102.4,109.6,118.6,107.1,88.1,83.6,96.4,105.3,140.9,88.8,83.9,94.2,107.1,118.8,109.6,,,,,,,,,,,
Tobacco,88.8,83.9,94.2,107.1,118.8,99.1,88.3,102.4,109.6,118.6,140.9,2011,88.1,83.6,96.4,105.3,140.9,99.1,88.3,102.4,109.6,118.6,118.8,88.1,83.6,96.4,105.3,140.9,88.8,83.9,94.2,107.1,118.8,118.6,,,,,,,,,,,
Total Fibers,118.3,121.7,120.9,129.4,141.9,157.3,167.2,148.2,152.0,168.6,186.1,2007,186.1,203.5,179.1,196.6,239.3,157.3,167.2,148.2,152.0,168.6,118.3,186.1,203.5,179.1,196.6,239.3,118.3,121.7,120.9,129.4,141.9,157.3,,,,,,,,,,,
Total Fibers,118.3,121.7,120.9,129.4,141.9,157.3,167.2,148.2,152.0,168.6,203.5,2008,186.1,203.5,179.1,196.6,239.3,157.3,167.2,148.2,152.0,168.6,121.7,186.1,203.5,179.1,196.6,239.3,118.3,121.7,120.9,129.4,141.9,167.2,,,,,,,,,,,
Total Fibers,118.3,121.7,120.9,129.4,141.9,157.3,167.2,148.2,152.0,168.6,179.1,2009,186.1,203.5,179.1,196.6,239.3,157.3,167.2,148.2,152.0,168.6,120.9,186.1,203.5,179.1,196.6,239.3,118.3,121.7,120.9,129.4,141.9,148.2,,,,,,,,,,,
Total Fibers,118.3,121.7,120.9,129.4,141.9,157.3,167.2,148.2,152.0,168.6,196.6,2010,186.1,203.5,179.1,196.6,239.3,157.3,167.2,148.2,152.0,168.6,129.4,186.1,203.5,179.1,196.6,239.3,118.3,121.7,120.9,129.4,141.9,152.0,,,,,,,,,,,
Total Fibers,118.3,121.7,120.9,129.4,141.9,157.3,167.2,148.2,152.0,168.6,239.3,2011,186.1,203.5,179.1,196.6,239.3,157.3,167.2,148.2,152.0,168.6,141.9,186.1,203.5,179.1,196.6,239.3,118.3,121.7,120.9,129.4,141.9,168.6,,,,,,,,,,,
Total Foodgrains,128.5,128.8,127.6,126.0,131.7,123.6,130.9,134.3,126.5,135.9,158.8,2007,158.8,168.6,171.3,159.4,178.9,123.6,130.9,134.3,126.5,135.9,128.5,158.8,168.6,171.3,159.4,178.9,128.5,128.8,127.6,126.0,131.7,123.6,,,,,,,,,,,
Total Foodgrains,128.5,128.8,127.6,126.0,131.7,123.6,130.9,134.3,126.5,135.9,168.6,2008,158.8,168.6,171.3,159.4,178.9,123.6,130.9,134.3,126.5,135.9,128.8,158.8,168.6,171.3,159.4,178.9,128.5,128.8,127.6,126.0,131.7,130.9,,,,,,,,,,,
Total Foodgrains,128.5,128.8,127.6,126.0,131.7,123.6,130.9,134.3,126.5,135.9,171.3,2009,158.8,168.6,171.3,159.4,178.9,123.6,130.9,134.3,126.5,135.9,127.6,158.8,168.6,171.3,159.4,178.9,128.5,128.8,127.6,126.0,131.7,134.3,,,,,,,,,,,
Total Foodgrains,128.5,128.8,127.6,126.0,131.7,123.6,130.9,134.3,126.5,135.9,159.4,2010,158.8,168.6,171.3,159.4,178.9,123.6,130.9,134.3,126.5,135.9,126.0,158.8,168.6,171.3,159.4,178.9,128.5,128.8,127.6,126.0,131.7,126.5,,,,,,,,,,,
Total Foodgrains,128.5,128.8,127.6,126.0,131.7,123.6,130.9,134.3,126.5,135.9,178.9,2011,158.8,168.6,171.3,159.4,178.9,123.6,130.9,134.3,126.5,135.9,131.7,158.8,168.6,171.3,159.4,178.9,128.5,128.8,127.6,126.0,131.7,135.9,,,,,,,,,,,
Total Fruits & Vegetables,139.3,145.0,173.8,170.9,188.3,116.7,127.5,139.2,140.6,145.7,162.6,2007,162.6,184.9,241.9,240.3,274.5,116.7,127.5,139.2,140.6,145.7,139.3,162.6,184.9,241.9,240.3,274.5,139.3,145.0,173.8,170.9,188.3,116.7,,,,,,,,,,,
Total Fruits & Vegetables,139.3,145.0,173.8,170.9,188.3,116.7,127.5,139.2,140.6,145.7,184.9,2008,162.6,184.9,241.9,240.3,274.5,116.7,127.5,139.2,140.6,145.7,145.0,162.6,184.9,241.9,240.3,274.5,139.3,145.0,173.8,170.9,188.3,127.5,,,,,,,,,,,
Total Fruits & Vegetables,139.3,145.0,173.8,170.9,188.3,116.7,127.5,139.2,140.6,145.7,241.9,2009,162.6,184.9,241.9,240.3,274.5,116.7,127.5,139.2,140.6,145.7,173.8,162.6,184.9,241.9,240.3,274.5,139.3,145.0,173.8,170.9,188.3,139.2,,,,,,,,,,,
Total Fruits & Vegetables,139.3,145.0,173.8,170.9,188.3,116.7,127.5,139.2,140.6,145.7,240.3,2010,162.6,184.9,241.9,240.3,274.5,116.7,127.5,139.2,140.6,145.7,170.9,162.6,184.9,241.9,240.3,274.5,139.3,145.0,173.8,170.9,188.3,140.6,,,,,,,,,,,
Total Fruits & Vegetables,139.3,145.0,173.8,170.9,188.3,116.7,127.5,139.2,140.6,145.7,274.5,2011,162.6,184.9,241.9,240.3,274.5,116.7,127.5,139.2,140.6,145.7,188.3,162.6,184.9,241.9,240.3,274.5,139.3,145.0,173.8,170.9,188.3,145.7,,,,,,,,,,,
Total Non-Food grains,126.6,128.6,131.5,126.7,136.5,122.8,122.0,107.4,113.1,123.4,155.4,2007,155.4,156.8,141.2,143.2,168.4,122.8,122.0,107.4,113.1,123.4,126.6,155.4,156.8,141.2,143.2,168.4,126.6,128.6,131.5,126.7,136.5,122.8,,,,,,,,,,,
Total Non-Food grains,126.6,128.6,131.5,126.7,136.5,122.8,122.0,107.4,113.1,123.4,156.8,2008,155.4,156.8,141.2,143.2,168.4,122.8,122.0,107.4,113.1,123.4,128.6,155.4,156.8,141.2,143.2,168.4,126.6,128.6,131.5,126.7,136.5,122.0,,,,,,,,,,,
Total Non-Food grains,126.6,128.6,131.5,126.7,136.5,122.8,122.0,107.4,113.1,123.4,141.2,2009,155.4,156.8,141.2,143.2,168.4,122.8,122.0,107.4,113.1,123.4,131.5,155.4,156.8,141.2,143.2,168.4,126.6,128.6,131.5,126.7,136.5,107.4,,,,,,,,,,,
Total Non-Food grains,126.6,128.6,131.5,126.7,136.5,122.8,122.0,107.4,113.1,123.4,143.2,2010,155.4,156.8,141.2,143.2,168.4,122.8,122.0,107.4,113.1,123.4,126.7,155.4,156.8,141.2,143.2,168.4,126.6,128.6,131.5,126.7,136.5,113.1,,,,,,,,,,,
Total Non-Food grains,126.6,128.6,131.5,126.7,136.5,122.8,122.0,107.4,113.1,123.4,168.4,2011,155.4,156.8,141.2,143.2,168.4,122.8,122.0,107.4,113.1,123.4,136.5,155.4,156.8,141.2,143.2,168.4,126.6,128.6,131.5,126.7,136.5,123.4,,,,,,,,,,,
Total Oilseeds,124.8,126.2,129.0,126.1,134.0,118.7,119.6,109.1,107.8,126.1,148.2,2007,148.2,150.9,140.8,135.9,169.0,118.7,119.6,109.1,107.8,126.1,124.8,148.2,150.9,140.8,135.9,169.0,124.8,126.2,129.0,126.1,134.0,118.7,,,,,,,,,,,
Total Oilseeds,124.8,126.2,129.0,126.1,134.0,118.7,119.6,109.1,107.8,126.1,150.9,2008,148.2,150.9,140.8,135.9,169.0,118.7,119.6,109.1,107.8,126.1,126.2,148.2,150.9,140.8,135.9,169.0,124.8,126.2,129.0,126.1,134.0,119.6,,,,,,,,,,,
Total Oilseeds,124.8,126.2,129.0,126.1,134.0,118.7,119.6,109.1,107.8,126.1,140.8,2009,148.2,150.9,140.8,135.9,169.0,118.7,119.6,109.1,107.8,126.1,129.0,148.2,150.9,140.8,135.9,169.0,124.8,126.2,129.0,126.1,134.0,109.1,,,,,,,,,,,
Total Oilseeds,124.8,126.2,129.0,126.1,134.0,118.7,119.6,109.1,107.8,126.1,135.9,2010,148.2,150.9,140.8,135.9,169.0,118.7,119.6,109.1,107.8,126.1,126.1,148.2,150.9,140.8,135.9,169.0,124.8,126.2,129.0,126.1,134.0,107.8,,,,,,,,,,,
Total Oilseeds,124.8,126.2,129.0,126.1,134.0,118.7,119.6,109.1,107.8,126.1,169.0,2011,148.2,150.9,140.8,135.9,169.0,118.7,119.6,109.1,107.8,126.1,134.0,148.2,150.9,140.8,135.9,169.0,124.8,126.2,129.0,126.1,134.0,126.1,,,,,,,,,,,
Total Pulses,122.1,124.4,116.3,122.6,139.0,106.7,108.8,114.9,109.7,120.4,130.3,2007,130.3,135.4,133.7,134.5,167.4,106.7,108.8,114.9,109.7,120.4,122.1,130.3,135.4,133.7,134.5,167.4,122.1,124.4,116.3,122.6,139.0,106.7,,,,,,,,,,,
Total Pulses,122.1,124.4,116.3,122.6,139.0,106.7,108.8,114.9,109.7,120.4,135.4,2008,130.3,135.4,133.7,134.5,167.4,106.7,108.8,114.9,109.7,120.4,124.4,130.3,135.4,133.7,134.5,167.4,122.1,124.4,116.3,122.6,139.0,108.8,,,,,,,,,,,
Total Pulses,122.1,124.4,116.3,122.6,139.0,106.7,108.8,114.9,109.7,120.4,133.7,2009,130.3,135.4,133.7,134.5,167.4,106.7,108.8,114.9,109.7,120.4,116.3,130.3,135.4,133.7,134.5,167.4,122.1,124.4,116.3,122.6,139.0,114.9,,,,,,,,,,,
Total Pulses,122.1,124.4,116.3,122.6,139.0,106.7,108.8,114.9,109.7,120.4,134.5,2010,130.3,135.4,133.7,134.5,167.4,106.7,108.8,114.9,109.7,120.4,122.6,130.3,135.4,133.7,134.5,167.4,122.1,124.4,116.3,122.6,139.0,109.7,,,,,,,,,,,
Total Pulses,122.1,124.4,116.3,122.6,139.0,106.7,108.8,114.9,109.7,120.4,167.4,2011,130.3,135.4,133.7,134.5,167.4,106.7,108.8,114.9,109.7,120.4,139.0,130.3,135.4,133.7,134.5,167.4,122.1,124.4,116.3,122.6,139.0,120.4,,,,,,,,,,,
Total Spices,121.3,125.9,126.5,122.0,136.6,1176.6,1247.7,1156.8,1172.1,1310.8,1427.7,2007,1427.7,1571.5,1463.0,1430.3,1790.6,1176.6,1247.7,1156.8,1172.1,1310.8,121.3,1427.7,1571.5,1463.0,1430.3,1790.6,121.3,125.9,126.5,122.0,136.6,1176.6,,,,,,,,,,,
Total Spices,121.3,125.9,126.5,122.0,136.6,1176.6,1247.7,1156.8,1172.1,1310.8,1571.5,2008,1427.7,1571.5,1463.0,1430.3,1790.6,1176.6,1247.7,1156.8,1172.1,1310.8,125.9,1427.7,1571.5,1463.0,1430.3,1790.6,121.3,125.9,126.5,122.0,136.6,1247.7,,,,,,,,,,,
Total Spices,121.3,125.9,126.5,122.0,136.6,1176.6,1247.7,1156.8,1172.1,1310.8,1463.0,2009,1427.7,1571.5,1463.0,1430.3,1790.6,1176.6,1247.7,1156.8,1172.1,1310.8,126.5,1427.7,1571.5,1463.0,1430.3,1790.6,121.3,125.9,126.5,122.0,136.6,1156.8,,,,,,,,,,,
Total Spices,121.3,125.9,126.5,122.0,136.6,1176.6,1247.7,1156.8,1172.1,1310.8,1430.3,2010,1427.7,1571.5,1463.0,1430.3,1790.6,1176.6,1247.7,1156.8,1172.1,1310.8,122.0,1427.7,1571.5,1463.0,1430.3,1790.6,121.3,125.9,126.5,122.0,136.6,1172.1,,,,,,,,,,,
Total Spices,121.3,125.9,126.5,122.0,136.6,1176.6,1247.7,1156.8,1172.1,1310.8,1790.6,2011,1427.7,1571.5,1463.0,1430.3,1790.6,1176.6,1247.7,1156.8,1172.1,1310.8,136.6,1427.7,1571.5,1463.0,1430.3,1790.6,121.3,125.9,126.5,122.0,136.6,1310.8,,,,,,,,,,,
Turmeric,134.3,131.9,136.2,136.2,146.7,118.1,121.4,121.5,117.4,136.4,158.6,2007,158.6,160.1,165.5,159.8,200.2,118.1,121.4,121.5,117.4,136.4,134.3,158.6,160.1,165.5,159.8,200.2,134.3,131.9,136.2,136.2,146.7,118.1,,,,,,,,,,,
Turmeric,134.3,131.9,136.2,136.2,146.7,118.1,121.4,121.5,117.4,136.4,160.1,2008,158.6,160.1,165.5,159.8,200.2,118.1,121.4,121.5,117.4,136.4,131.9,158.6,160.1,165.5,159.8,200.2,134.3,131.9,136.2,136.2,146.7,121.4,,,,,,,,,,,
Turmeric,134.3,131.9,136.2,136.2,146.7,118.1,121.4,121.5,117.4,136.4,165.5,2009,158.6,160.1,165.5,159.8,200.2,118.1,121.4,121.5,117.4,136.4,136.2,158.6,160.1,165.5,159.8,200.2,134.3,131.9,136.2,136.2,146.7,121.5,,,,,,,,,,,
Turmeric,134.3,131.9,136.2,136.2,146.7,118.1,121.4,121.5,117.4,136.4,159.8,2010,158.6,160.1,165.5,159.8,200.2,118.1,121.4,121.5,117.4,136.4,136.2,158.6,160.1,165.5,159.8,200.2,134.3,131.9,136.2,136.2,146.7,117.4,,,,,,,,,,,
Turmeric,134.3,131.9,136.2,136.2,146.7,118.1,121.4,121.5,117.4,136.4,200.2,2011,158.6,160.1,165.5,159.8,200.2,118.1,121.4,121.5,117.4,136.4,146.7,158.6,160.1,165.5,159.8,200.2,134.3,131.9,136.2,136.2,146.7,136.4,,,,,,,,,,,
Wheat,115.0,115.2,114.0,116.9,119.5,114.4,118.4,122.8,120.0,126.3,131.6,2007,131.6,136.4,140.1,140.3,150.8,114.4,118.4,122.8,120.0,126.3,115.0,131.6,136.4,140.1,140.3,150.8,115.0,115.2,114.0,116.9,119.5,114.4,,,,,,MPO(JW)  1215 (MPO 1215),120,"Madhya Pradesh, Chhattisgarh, Gujarat and Rajasthan (Kota and Udaipur Division only) under timely sown irrigated condition.",nan,112.0,75.8067
Wheat,115.0,115.2,114.0,116.9,119.5,114.4,118.4,122.8,120.0,126.3,136.4,2008,131.6,136.4,140.1,140.3,150.8,114.4,118.4,122.8,120.0,126.3,115.2,131.6,136.4,140.1,140.3,150.8,115.0,115.2,114.0,116.9,119.5,118.4,,,,,,MPO(JW)  1215 (MPO 1215),120,"Madhya Pradesh, Chhattisgarh, Gujarat and Rajasthan (Kota and Udaipur Division only) under timely sown irrigated condition.",nan,115.0,78.5702
Wheat,115.0,115.2,114.0,116.9,119.5,114.4,118.4,122.8,120.0,126.3,140.1,2009,131.6,136.4,140.1,140.3,150.8,114.4,118.4,122.8,120.0,126.3,114.0,131.6,136.4,140.1,140.3,150.8,115.0,115.2,114.0,116.9,119.5,122.8,,,,,,MPO(JW)  1215 (MPO 1215),120,"Madhya Pradesh, Chhattisgarh, Gujarat and Rajasthan (Kota and Udaipur Division only) under timely sown irrigated condition.",nan,117.0,80.6794
Wheat,115.0,115.2,114.0,116.9,119.5,114.4,118.4,122.8,120.0,126.3,140.3,2010,131.6,136.4,140.1,140.3,150.8,114.4,118.4,122.8,120.0,126.3,116.9,131.6,136.4,140.1,140.3,150.8,115.0,115.2,114.0,116.9,119.5,120.0,,,,,,MPO(JW)  1215 (MPO 1215),120,"Madhya Pradesh, Chhattisgarh, Gujarat and Rajasthan (Kota and Udaipur Division only) under timely sown irrigated condition.",nan,127.0,80.803558
Wheat,115.0,115.2,114.0,116.9,119.5,114.4,118.4,122.8,120.0,126.3,150.8,2011,131.6,136.4,140.1,140.3,150.8,114.4,118.4,122.8,120.0,126.3,119.5,131.6,136.4,140.1,140.3,150.8,115.0,115.2,114.0,116.9,119.5,126.3,,,,,,MPO(JW)  1215 (MPO 1215),120,"Madhya Pradesh, Chhattisgarh, Gujarat and Rajasthan (Kota and Udaipur Division only) under timely sown irrigated condition.",nan,120.0,86.873953
